Species	tax_id	organism_name	Genus	Family	Order	Class	Phylum	Kingdom	Domain	pathogen_status	sum	SAMPLE_1	SAMPLE_10	SAMPLE_11	SAMPLE_12	SAMPLE_13	SAMPLE_14	SAMPLE_15	SAMPLE_16	SAMPLE_17	SAMPLE_18	SAMPLE_19	SAMPLE_2	SAMPLE_20	SAMPLE_21	SAMPLE_22	SAMPLE_23	SAMPLE_24	SAMPLE_25	SAMPLE_26	SAMPLE_27	SAMPLE_28	SAMPLE_29	SAMPLE_3	SAMPLE_30	SAMPLE_31	SAMPLE_32	SAMPLE_33	SAMPLE_34	SAMPLE_35	SAMPLE_4	SAMPLE_5	SAMPLE_6	SAMPLE_7	SAMPLE_8	SAMPLE_9
Acidovorax facilis	12917	Acidovorax facilis	Acidovorax	Comamonadaceae	Burkholderiales	Betaproteobacteria	Pseudomonadota	Pseudomonadati	Bacteria	NA	0.001023918	0	0	0	0	0	0	0	0.001023918	0	0	0	0	0	0	0	0	0	0	0	0	0	0	0	0	0	0	0	0	0	0	0	0	0	0	0
Acinetobacter sp. TR11	3003393	Acinetobacter sp. TR11	Acinetobacter	Moraxellaceae	Moraxellales	Gammaproteobacteria	Pseudomonadota	Pseudomonadati	Bacteria	NA	0.000933252	0	0	0	0	0	0	0	0	0.000388743	0	0	0	0	0	0	0	0	0.000385158	0	0	0	0	0	0	0	0	0	0	0	0	0	0.000159351	0	0	0
Actinomarinicola tropica	2789776	Actinomarinicola tropica	Actinomarinicola	Iamiaceae	Acidimicrobiales	Acidimicrobiia	Actinomycetota	Bacillati	Bacteria	NA	0.001459616	0	0	0	0	0	0	0	0	0	0	0	0	0	0	0	0	0	0.000158118	0	0	0	0	0	0	0	0	0	0	0	0	0	0	0.001301499	0	0
Aeromonas allosaccharophila	656	Aeromonas allosaccharophila	Aeromonas	Aeromonadaceae	Aeromonadales	Gammaproteobacteria	Pseudomonadota	Pseudomonadati	Bacteria	pathogen	0.000691704	0	0	2.23E-05	0	0	0	0	0	6.97E-05	0	0	0	0	0	0	0	0	4.45E-05	0	0	0	0	0	0	0	0.000272946	0.000282252	0	0	0	0	0	0	0	0
Aeromonas caviae	648	Aeromonas caviae	Aeromonas	Aeromonadaceae	Aeromonadales	Gammaproteobacteria	Pseudomonadota	Pseudomonadati	Bacteria	pathogen	4.15837E-05	0	0	0	0	0	0	0	0	4.16E-05	0	0	0	0	0	0	0	0	0	0	0	0	0	0	0	0	0	0	0	0	0	0	0	0	0	0
Aeromonas encheleia	73010	Aeromonas encheleia	Aeromonas	Aeromonadaceae	Aeromonadales	Gammaproteobacteria	Pseudomonadota	Pseudomonadati	Bacteria	pathogen	0.000585008	0	0	4.71E-05	0	0	2.29E-05	0	0	3.84E-05	0	0	0	0	0	0	0	0	0.000142444	0	0	0	0	0.000205488	0	0	0	0	0	0	0	8.91E-05	0	0	0	3.96E-05
Aeromonas hydrophila	644	Aeromonas hydrophila	Aeromonas	Aeromonadaceae	Aeromonadales	Gammaproteobacteria	Pseudomonadota	Pseudomonadati	Bacteria	pathogen	0.001547551	0	0	0.000893309	0	0	0.000126407	0	0	0.000105573	0	0	0	0	0	0	0	0	7.83E-05	0	0	0	0	0.0002532	0	0	0	0	0	0	0	9.08E-05	0	0	0	0
Aeromonas media	651	Aeromonas media	Aeromonas	Aeromonadaceae	Aeromonadales	Gammaproteobacteria	Pseudomonadota	Pseudomonadati	Bacteria	pathogen	9.53404E-05	0	0	2.73E-05	6.81E-05	0	0	0	0	0	0	0	0	0	0	0	0	0	0	0	0	0	0	0	0	0	0	0	0	0	0	0	0	0	0	0
Aeromonas popoffii	70856	Aeromonas popoffii	Aeromonas	Aeromonadaceae	Aeromonadales	Gammaproteobacteria	Pseudomonadota	Pseudomonadati	Bacteria	NA	0.000193524	0	0	0	0	0	0	0	0	0	0	0	0	0	0	0	0	0	0	0	0	0	0	0	0	0	0	0	0.000193524	0	0	0	0	0	0	0
Aeromonas rivipollensis	948519	Aeromonas rivipollensis	Aeromonas	Aeromonadaceae	Aeromonadales	Gammaproteobacteria	Pseudomonadota	Pseudomonadati	Bacteria	NA	9.93032E-05	0	0	3.42E-05	0	0	6.51E-05	0	0	0	0	0	0	0	0	0	0	0	0	0	0	0	0	0	0	0	0	0	0	0	0	0	0	0	0	0
Aeromonas rivuli	648794	Aeromonas rivuli	Aeromonas	Aeromonadaceae	Aeromonadales	Gammaproteobacteria	Pseudomonadota	Pseudomonadati	Bacteria	NA	0.000211578	0	0	0.00018747	0	0	0	0	0	0	0	0	0	0	0	0	0	0	0	0	0	0	0	2.41E-05	0	0	0	0	0	0	0	0	0	0	0	0
Aeromonas salmonicida	197700	Aeromonas salmonicida subsp. masoucida	Aeromonas	Aeromonadaceae	Aeromonadales	Gammaproteobacteria	Pseudomonadota	Pseudomonadati	Bacteria	pathogen	0.137846058	0.000522289	0	0.006915506	7.72E-05	0	0.00046067	7.49E-05	0	0.000538664	0	7.23E-05	0.00013173	0	0	0	0	0	0.000118708	0	0	0	0	0.007790993	0	0	0.002662277	0	0	0	6.34E-05	0.117572294	0.000720902	0	0	0.000124278
Aeromonas sp. 19NY04SH05-1	2920537	Aeromonas sp. 19NY04SH05-1	Aeromonas	Aeromonadaceae	Aeromonadales	Gammaproteobacteria	Pseudomonadota	Pseudomonadati	Bacteria	NA	5.85124E-05	0	0	0	0	0	0	0	0	5.85E-05	0	0	0	0	0	0	0	0	0	0	0	0	0	0	0	0	0	0	0	0	0	0	0	0	0	0
Aeromonas sp. 2692-1	2560029	Aeromonas sp. 2692-1	Aeromonas	Aeromonadaceae	Aeromonadales	Gammaproteobacteria	Pseudomonadota	Pseudomonadati	Bacteria	NA	0.00011861	0	0	0.00011861	0	0	0	0	0	0	0	0	0	0	0	0	0	0	0	0	0	0	0	0	0	0	0	0	0	0	0	0	0	0	0	0
Aeromonas sp. ASNIH4	1636609	Aeromonas sp. ASNIH4	Aeromonas	Aeromonadaceae	Aeromonadales	Gammaproteobacteria	Pseudomonadota	Pseudomonadati	Bacteria	NA	3.12131E-05	0	0	0	0	0	3.12E-05	0	0	0	0	0	0	0	0	0	0	0	0	0	0	0	0	0	0	0	0	0	0	0	0	0	0	0	0	0
Aeromonas sp. CA23	2033032	Aeromonas sp. CA23	Aeromonas	Aeromonadaceae	Aeromonadales	Gammaproteobacteria	Pseudomonadota	Pseudomonadati	Bacteria	NA	0.010399275	0	5.62E-05	0.000641755	0.000112309	4.19E-05	0.000115901	0	0	0.000116906	0	5.96E-05	0.000138746	4.18E-05	0	0	0	0.00030054	0.000171376	0	0	2.48E-05	0	0.000146125	2.94E-05	0	0.000190267	0	0	0	6.72E-05	0.008092911	0	0	0	5.15E-05
Aeromonas sp. CU5	2033033	Aeromonas sp. CU5	Aeromonas	Aeromonadaceae	Aeromonadales	Gammaproteobacteria	Pseudomonadota	Pseudomonadati	Bacteria	NA	1.845791661	0.000382846	0	0.345485863	0.004170928	0	0.035018623	0.109970091	0.000404178	0.147916096	0	0.029078685	0.021363155	0.019769425	0	0	0	0.033987858	0.083810235	0	0	0	0.029424576	0.141232458	0	0	0.438224651	0.00567616	0.004595729	0.051296284	0.001364786	0.056584143	0.158112745	0.004048084	0	0.123874063
Aeromonas sp. FDAARGOS 1404	2778053	Aeromonas sp. FDAARGOS 1404	Aeromonas	Aeromonadaceae	Aeromonadales	Gammaproteobacteria	Pseudomonadota	Pseudomonadati	Bacteria	NA	4.62505E-05	0	0	2.54E-05	0	0	2.08E-05	0	0	0	0	0	0	0	0	0	0	0	0	0	0	0	0	0	0	0	0	0	0	0	0	0	0	0	0	0
Aeromonas sp. FDAARGOS 1417	2778066	Aeromonas sp. FDAARGOS 1417	Aeromonas	Aeromonadaceae	Aeromonadales	Gammaproteobacteria	Pseudomonadota	Pseudomonadati	Bacteria	NA	0.110234857	0	0	0.009770697	0.000566773	0	0.000936689	0.002142202	0	0.012707915	0	0.001525948	0.002652393	0.000122804	0	0	0	0.009368017	0.006129508	0	0	0.00044347	0.003666216	0.039419433	0	0	0.001104588	0.000645945	0.000776457	0.001847696	0.000508951	0.01063219	0	0.000837253	0	0.004429713
Aeromonas veronii	654	Aeromonas veronii	Aeromonas	Aeromonadaceae	Aeromonadales	Gammaproteobacteria	Pseudomonadota	Pseudomonadati	Bacteria	pathogen	0.474708366	0	0	0.019346076	0.002044238	0	0.000627622	0.000215601	0	0.108301345	0	0.004642842	0.001592181	0.010132267	0	0	0	0.004177696	0.017637029	0	0	0.001442079	0.007113497	0.038632447	0.000194681	0	0.230143339	0.002318357	0.003008415	0	0.001098418	0.009940377	0.00538964	0.000724573	0	0.005985647
Aestuariivirga sp.	2650926	Aestuariivirga sp.	Aestuariivirga	Aestuariivirgaceae	Hyphomicrobiales	Alphaproteobacteria	Pseudomonadota	Pseudomonadati	Bacteria	NA	0.002756921	0	0	0	0	0	0	0	0	0	0	0	0	0	0	0	0	0	0.002756921	0	0	0	0	0	0	0	0	0	0	0	0	0	0	0	0	0
Alcaligenes ammonioxydans	2582914	Alcaligenes ammonioxydans	Alcaligenes	Alcaligenaceae	Burkholderiales	Betaproteobacteria	Pseudomonadota	Pseudomonadati	Bacteria	NA	0.004169447	0	0	0	0	0.000198527	0	0	0.000241352	0	0	0	0	0	0	0.000146048	0	0.003369638	0	0	0	0	0	0	0	0	0	0	0	0	0	0	0	0.000213882	0	0
Alcaligenes faecalis	511	Alcaligenes faecalis	Alcaligenes	Alcaligenaceae	Burkholderiales	Betaproteobacteria	Pseudomonadota	Pseudomonadati	Bacteria	NA	0.001289551	0.000644632	0	0	0	0	0	0	0	0	0	0	0	0	0	0	0	0	0	0	0	0	0	0	0	0	0	0	9.77E-05	0	0	0	0	0.000547184	0	0
Alcaligenes sp. HNGD-HTN06	3416924	Alcaligenes sp. HNGD-HTN06	Alcaligenes	Alcaligenaceae	Burkholderiales	Betaproteobacteria	Pseudomonadota	Pseudomonadati	Bacteria	NA	0.004596187	0	0	0	0	0.000130263	0	0	0.000266168	4.59E-05	0	0	0	0	0	0.000287197	0	0.003866707	0	0	0	0	0	0	0	0	0	0	0	0	0	0	0	0	0	0
Alcaligenes sp. SJTW-7	3078429	Alcaligenes sp. SJTW-7	Alcaligenes	Alcaligenaceae	Burkholderiales	Betaproteobacteria	Pseudomonadota	Pseudomonadati	Bacteria	NA	0.006211966	0	0	0	0	0.000217877	0	0	0.00027571	5.82E-05	0	0	0	0	0	0.000130349	0	0.005529809	0	0	0	0	0	0	0	0	0	0	0	0	0	0	0	0	0	0
Alcaligenes sp. WGS1538	3366811	Alcaligenes sp. WGS1538	Alcaligenes	Alcaligenaceae	Burkholderiales	Betaproteobacteria	Pseudomonadota	Pseudomonadati	Bacteria	NA	0.066007408	0	0	0	0.000351797	0.000780809	0	0	0.002426832	0	0	0	3.63E-05	0.000733313	0	0.000722878	0	0.005346629	0.00034322	0	0	0.000116003	0.000616433	0	0	0	0	0	0.00617011	0.029594182	0	0	0	0.018476646	0.000292238	0
Altericista sp. CCNU0014	3082949	Altericista sp. CCNU0014	Altericista	NA	Synechococcales	Cyanophyceae	Cyanobacteriota	Bacillati	Bacteria	NA	0.001232506	0	0	0	0	0	0	0	0	0	0	0	0	0	0	0	0	0	0.001232506	0	0	0	0	0	0	0	0	0	0	0	0	0	0	0	0	0
Amaricoccus sp. B4	3368557	Amaricoccus sp. B4	Amaricoccus	Paracoccaceae	Rhodobacterales	Alphaproteobacteria	Pseudomonadota	Pseudomonadati	Bacteria	NA	8.51379E-05	0	0	0	0	0	0	0	0	0	0	0	0	0	0	0	0	0	8.51E-05	0	0	0	0	0	0	0	0	0	0	0	0	0	0	0	0	0
Anabaena sp. 90	46234	Anabaena sp. 90	Anabaena	Nostocaceae	Nostocales	Cyanophyceae	Cyanobacteriota	Bacillati	Bacteria	NA	9.6065E-05	0	0	0	0	0	0	0	0	0	0	0	0	0	0	9.61E-05	0	0	0	0	0	0	0	0	0	0	0	0	0	0	0	0	0	0	0	0
Anaeromyxobacter dehalogenans	455488	Anaeromyxobacter dehalogenans 2CP-1	Anaeromyxobacter	Anaeromyxobacteraceae	Myxococcales	Myxococcia	Myxococcota	Pseudomonadati	Bacteria	NA	6.8923E-05	0	0	0	0	0	0	0	0	0	0	0	0	0	0	0	0	0	6.89E-05	0	0	0	0	0	0	0	0	0	0	0	0	0	0	0	0	0
Anaeromyxobacter sp. Fw109-5	404589	Anaeromyxobacter sp. Fw109-5	Anaeromyxobacter	Anaeromyxobacteraceae	Myxococcales	Myxococcia	Myxococcota	Pseudomonadati	Bacteria	NA	0.000911953	0	0	0	0	0	0	0	0	0	0	0	0	0	0	0	0	0.000911953	0	0	0	0	0	0	0	0	0	0	0	0	0	0	0	0	0	0
Anaerotruncus colihominis	169435	Anaerotruncus colihominis	Anaerotruncus	Oscillospiraceae	Eubacteriales	Clostridia	Bacillota	Bacillati	Bacteria	NA	7.19285E-05	0	0	0	0	0	0	0	0	0	0	0	0	0	0	0	0	0	0	0	0	0	0	0	3.49E-05	3.71E-05	0	0	0	0	0	0	0	0	0	0
Anatilimnocola aggregata	2528021	Anatilimnocola aggregata	Anatilimnocola	Pirellulaceae	Pirellulales	Planctomycetia	Planctomycetota	Pseudomonadati	Bacteria	NA	0.000164306	0	0	0	0	0	0	0	0	0	0	0	0	7.92E-05	0	0	0	0	8.51E-05	0	0	0	0	0	0	0	0	0	0	0	0	0	0	0	0	0
Aquella oligotrophica	2067065	Aquella oligotrophica	Aquella	Neisseriaceae	Neisseriales	Betaproteobacteria	Pseudomonadota	Pseudomonadati	Bacteria	NA	0.000325698	0	0	0	0	0	0	0	0	0	0	0	0	0	0	0	0	0.000325698	0	0	0	0	0	0	0	0	0	0	0	0	0	0	0	0	0	0
Aquirufa lenticrescens	2696560	Aquirufa lenticrescens	Aquirufa	Flectobacillaceae	Cytophagales	Cytophagia	Bacteroidota	Pseudomonadati	Bacteria	NA	0.000202101	0	0	0	0	0	0	0	0	0	0	0	0	0	0	0	0	0	0	0	5.69E-05	0	0.000145179	0	0	0	0	0	0	0	0	0	0	0	0	0
Aquirufa nivalisilvae	2516557	Aquirufa nivalisilvae	Aquirufa	Flectobacillaceae	Cytophagales	Cytophagia	Bacteroidota	Pseudomonadati	Bacteria	NA	0.002770083	0	0	0	0	0	0	0	0	0	0	0	0	0	0	0	0.002770083	0	0	0	0	0	0	0	0	0	0	0	0	0	0	0	0	0	0	0
Aquitalea aquatilis	1537400	Aquitalea aquatilis	Aquitalea	Chromobacteriaceae	Neisseriales	Betaproteobacteria	Pseudomonadota	Pseudomonadati	Bacteria	NA	0.000131746	0	0	0	0	0	0	0	0	0	0	0	0	0	0	0	0	0	0	0	0	0	0	0	0	0	0	0	0	0	0	0	0	0	0.000131746	0
Aquitalea denitrificans	519081	Aquitalea denitrificans	Aquitalea	Chromobacteriaceae	Neisseriales	Betaproteobacteria	Pseudomonadota	Pseudomonadati	Bacteria	NA	0.001172379	0.00060714	0	0	0	0	0	0.000172281	0	0	0	0	0	0	0	0	0	0	0	0	0	0	0	0	0	0	0	0	0	0	0	0	0	0	0.000392958	0
Aquitalea sp. USM4	1590041	Aquitalea sp. USM4	Aquitalea	Chromobacteriaceae	Neisseriales	Betaproteobacteria	Pseudomonadota	Pseudomonadati	Bacteria	NA	4.23309E-05	0	0	0	0	0	0	0	0	0	0	0	0	0	0	0	0	0	0	0	0	0	0	0	0	0	0	0	0	0	0	0	0	0	4.23E-05	0
Arcobacter venerupis	1054033	Arcobacter venerupis	Arcobacter	Arcobacteraceae	Campylobacterales	Epsilonproteobacteria	Campylobacterota	Pseudomonadati	Bacteria	NA	0.001168951	0	0	0	0	0	0	0	0	0	0	0	0	0	0	0	0	0	0	0	0	0	0	0	0	0	0	0.001168951	0	0	0	0	0	0	0	0
Arcticibacter sp. MXS-1	3341726	Arcticibacter sp. MXS-1	Arcticibacter	Sphingobacteriaceae	Sphingobacteriales	Sphingobacteriia	Bacteroidota	Pseudomonadati	Bacteria	NA	3.36071E-05	0	0	0	0	0	0	0	0	0	0	0	0	0	0	0	0	0	0	0	3.36E-05	0	0	0	0	0	0	0	0	0	0	0	0	0	0	0
Aureimonas sp. SA4125	2826993	Aureimonas sp. SA4125	Aureimonas	Aurantimonadaceae	Hyphomicrobiales	Alphaproteobacteria	Pseudomonadota	Pseudomonadati	Bacteria	NA	4.45972E-05	0	0	0	0	0	0	0	0	0	0	0	0	0	0	0	0	0	4.46E-05	0	0	0	0	0	0	0	0	0	0	0	0	0	0	0	0	0
Aureispira anguillae	2864201	Aureispira anguillae	Aureispira	Saprospiraceae	Saprospirales	Saprospiria	Bacteroidota	Pseudomonadati	Bacteria	NA	0.005983765	0	0	0	0	0	0	0	0	0	0	0	0	0	0	0	0	0.005983765	0	0	0	0	0	0	0	0	0	0	0	0	0	0	0	0	0	0
Bacillus anthracis	1392	Bacillus anthracis	Bacillus	Bacillaceae	Bacillales	Bacilli	Bacillota	Bacillati	Bacteria	NA	0.000242121	0	0	0	0	0	8.46E-05	0.000157554	0	0	0	0	0	0	0	0	0	0	0	0	0	0	0	0	0	0	0	0	0	0	0	0	0	0	0	0
Bacillus cereus	1396	Bacillus cereus	Bacillus	Bacillaceae	Bacillales	Bacilli	Bacillota	Bacillati	Bacteria	pathogen	0.00326445	0	0	0	0	0	0.00036267	0.00208762	0	0	0	0	0	0	0	0	0	0	0	8.71E-05	0	0	0	0	0	0	0	0	0	0	0	0	0.000727089	0	0	0
Bacillus cytotoxicus	580165	Bacillus cytotoxicus	Bacillus	Bacillaceae	Bacillales	Bacilli	Bacillota	Bacillati	Bacteria	NA	6.11456E-05	0	0	0	0	0	0	0	0	0	0	0	0	0	0	0	0	0	0	0	0	0	0	0	0	0	0	0	0	0	0	0	0	0	0	6.11E-05
Bacillus haimaensis	3160967	Bacillus haimaensis	Bacillus	Bacillaceae	Bacillales	Bacilli	Bacillota	Bacillati	Bacteria	NA	0.000118494	0	0	0	0	0	3.78E-05	8.07E-05	0	0	0	0	0	0	0	0	0	0	0	0	0	0	0	0	0	0	0	0	0	0	0	0	0	0	0	0
Bacillus paranthracis	2026186	Bacillus paranthracis	Bacillus	Bacillaceae	Bacillales	Bacilli	Bacillota	Bacillati	Bacteria	NA	0.000196775	0	0	0	0	0	4.74E-05	0.000149337	0	0	0	0	0	0	0	0	0	0	0	0	0	0	0	0	0	0	0	0	0	0	0	0	0	0	0	0
Bacillus pseudomycoides	64104	Bacillus pseudomycoides	Bacillus	Bacillaceae	Bacillales	Bacilli	Bacillota	Bacillati	Bacteria	NA	0.001150321	0	0	0	0	0	7.90E-05	0.001071359	0	0	0	0	0	0	0	0	0	0	0	0	0	0	0	0	0	0	0	0	0	0	0	0	0	0	0	0
Bacillus sp. DTU_2020_1000418_1_SI_GHA_SEK_038	3077585	Bacillus sp. DTU_2020_1000418_1_SI_GHA_SEK_038	Bacillus	Bacillaceae	Bacillales	Bacilli	Bacillota	Bacillati	Bacteria	NA	0.000375475	0	0	0	0	0	0	0.000375475	0	0	0	0	0	0	0	0	0	0	0	0	0	0	0	0	0	0	0	0	0	0	0	0	0	0	0	0
Bacillus sp. DX3.1	3052091	Bacillus sp. DX3.1	Bacillus	Bacillaceae	Bacillales	Bacilli	Bacillota	Bacillati	Bacteria	NA	0.000372145	0	0	0	0	0	0	0.000372145	0	0	0	0	0	0	0	0	0	0	0	0	0	0	0	0	0	0	0	0	0	0	0	0	0	0	0	0
Bacillus sp. SYJ	2529386	Bacillus sp. SYJ	Bacillus	Bacillaceae	Bacillales	Bacilli	Bacillota	Bacillati	Bacteria	NA	0.001721164	0	0	0	0	0	3.91E-05	0.001682069	0	0	0	0	0	0	0	0	0	0	0	0	0	0	0	0	0	0	0	0	0	0	0	0	0	0	0	0
Bacillus sp. T3	467262	Bacillus sp. T3	Bacillus	Bacillaceae	Bacillales	Bacilli	Bacillota	Bacillati	Bacteria	NA	7.08672E-05	0	0	0	0	0	0	0	0	0	0	0	0	0	0	0	0	0	0	0	0	0	0	0	0	0	0	0	0	0	0	0	0	0	0	7.09E-05
Bacillus thuringiensis	1428	Bacillus thuringiensis	Bacillus	Bacillaceae	Bacillales	Bacilli	Bacillota	Bacillati	Bacteria	pathogen	0.000481521	0	0	0	0	0	0.000180494	0.000301027	0	0	0	0	0	0	0	0	0	0	0	0	0	0	0	0	0	0	0	0	0	0	0	0	0	0	0	0
Bacillus weihaiensis	1547283	Bacillus weihaiensis	Bacillus	Bacillaceae	Bacillales	Bacilli	Bacillota	Bacillati	Bacteria	NA	2.76018E-05	0	0	0	0	0	2.76E-05	0	0	0	0	0	0	0	0	0	0	0	0	0	0	0	0	0	0	0	0	0	0	0	0	0	0	0	0	0
Bacillus wiedmannii	1890302	Bacillus wiedmannii	Bacillus	Bacillaceae	Bacillales	Bacilli	Bacillota	Bacillati	Bacteria	NA	0.000157504	0	0	0	0	0	0	0.000157504	0	0	0	0	0	0	0	0	0	0	0	0	0	0	0	0	0	0	0	0	0	0	0	0	0	0	0	0
Baekduia soli	496014	Baekduia soli	Baekduia	Baekduiaceae	Solirubrobacterales	Thermoleophilia	Actinomycetota	Bacillati	Bacteria	NA	7.59075E-05	0	0	0	0	0	0	0	0	0	0	0	0	0	0	0	0	0	7.59E-05	0	0	0	0	0	0	0	0	0	0	0	0	0	0	0	0	0
Bdellovibrio sp. NC01	2220073	Bdellovibrio sp. NC01	Bdellovibrio	Pseudobdellovibrionaceae	Bdellovibrionales	Bdellovibrionia	Bdellovibrionota	Pseudomonadati	Bacteria	NA	0.000196124	0	0	0	0	0	0	0	0	0	0	0	0	0	0	0	0	0	0	0	0	0	0	0	0	0	0	0	0	0	0	0	0.000196124	0	0	0
Bilophila wadsworthia	35833	Bilophila wadsworthia	Bilophila	Desulfovibrionaceae	Desulfovibrionales	Desulfovibrionia	Thermodesulfobacteriota	Pseudomonadati	Bacteria	NA	0.000378968	0	0	0	6.90E-05	6.07E-05	0.000182602	0	0	0	0	0	0	0	0	0	0	0	6.67E-05	0	0	0	0	0	0	0	0	0	0	0	0	0	0	0	0	0
Bosea sp. ANAM02	2020412	Bosea sp. ANAM02	Bosea	Boseaceae	Hyphomicrobiales	Alphaproteobacteria	Pseudomonadota	Pseudomonadati	Bacteria	NA	0.000215767	0	0	0	0	0	0	0	0	0	0	0	0	0	0	0	0	0	0.000215767	0	0	0	0	0	0	0	0	0	0	0	0	0	0	0	0	0
Burkholderia sp. FERM BP-3421	1494466	Burkholderia sp. FERM BP-3421	Burkholderia	Burkholderiaceae	Burkholderiales	Betaproteobacteria	Pseudomonadota	Pseudomonadati	Bacteria	NA	0.000207609	0	0	0	0	0	0	0	0	0	0	0	0	0	0	0	0	0	0	0	0	0	0	0	0	0	0	0	7.58E-05	0	0	0	0	0.000131792	0	0
Caloramator sp. E03	2576307	Caloramator sp. E03	Caloramator	Clostridiaceae	Eubacteriales	Clostridia	Bacillota	Bacillati	Bacteria	NA	0.000145953	0	0	0	0	0	0	0	0	0	0	0	0	0	0	0	0	0	0.000145953	0	0	0	0	0	0	0	0	0	0	0	0	0	0	0	0	0
Campylobacter ureolyticus	1032069	Campylobacter ureolyticus RIGS 9880	Campylobacter	Campylobacteraceae	Campylobacterales	Epsilonproteobacteria	Campylobacterota	Pseudomonadati	Bacteria	NA	0.000126078	0	0	0	0	0	0	0	0	0	0	0	0	0	0	0	0	0	0	0	0	0	0	0	0	0	0.000126078	0	0	0	0	0	0	0	0	0
Candidatus Babela massiliensis	673862	Candidatus Babela massiliensis	Candidatus Babela	Candidatus Babeliaceae	Candidatus Babeliales	Candidatus Babeliae	NA	NA	Bacteria	NA	0.000194606	0	0	0	0	0	0	0	0	0	0	0	0	0	0	0	0	0	0.000194606	0	0	0	0	0	0	0	0	0	0	0	0	0	0	0	0	0
Candidatus Desulfovibrio trichonymphae	1725232	Candidatus Desulfovibrio trichonymphae	Desulfovibrio	Desulfovibrionaceae	Desulfovibrionales	Desulfovibrionia	Thermodesulfobacteriota	Pseudomonadati	Bacteria	NA	0.000394025	0	0	2.87E-05	0.000283934	0	0	0	0	0	0	0	0	0	0	0	0	0	0	0	0	0	8.13E-05	0	0	0	0	0	0	0	0	0	0	0	0	0
Candidatus Ferrigenium straubiae	2919506	Candidatus Ferrigenium straubiae	Ferrigenium	Gallionellaceae	Nitrosomonadales	Betaproteobacteria	Pseudomonadota	Pseudomonadati	Bacteria	NA	7.40568E-05	0	0	0	0	0	0	0	0	0	0	0	0	0	0	0	0	0	0	0	0	0	0	0	0	0	0	0	0	0	0	0	7.41E-05	0	0	0
Candidatus Fonsibacter ubiquis	1925548	Candidatus Fonsibacter ubiquis	Candidatus Fonsibacter	NA	Candidatus Pelagibacterales	Alphaproteobacteria	Pseudomonadota	Pseudomonadati	Bacteria	NA	0.001875609	0	0	0	0	0	0	0	0	0	0	0	0	0	0	0	0.000791452	0.000673108	0.000222986	0	0	0	0	0	2.26E-05	0	0	0	0	0	0	0	7.35E-05	0	0	9.19E-05
Candidatus Megaera polyxenophila	988779	Candidatus Megaera polyxenophila	Candidatus Megaera	Rickettsiaceae	Rickettsiales	Alphaproteobacteria	Pseudomonadota	Pseudomonadati	Bacteria	NA	0.000103699	0	0	0	0	0	0	0	0	0	0	0	0	0	0	0	0	0	0	0	0	0	0.000103699	0	0	0	0	0	0	0	0	0	0	0	0	0
Candidatus Mesenet endosymbiont of Phosphuga atrata	3066221	Candidatus Mesenet endosymbiont of Phosphuga atrata	Candidatus Mesenet	Anaplasmataceae	Rickettsiales	Alphaproteobacteria	Pseudomonadota	Pseudomonadati	Bacteria	NA	0.000137846	0	0	0	0	0	0	0	0	0	0	0	0	0	0	0	0	0	0.000137846	0	0	0	0	0	0	0	0	0	0	0	0	0	0	0	0	0
Candidatus Methylopumilus planktonicus	1581557	Candidatus Methylopumilus planktonicus	Candidatus Methylopumilus	Methylophilaceae	Nitrosomonadales	Betaproteobacteria	Pseudomonadota	Pseudomonadati	Bacteria	NA	0.001407746	0	0	0	0	4.00E-05	0	0	0	0	0	0	0	0	0.000371367	0	0	0.00092281	0	0	0	0	0	0	0	0	0	0	0	0	0	0	7.35E-05	0	0	0
Candidatus Methylopumilus universalis	2588536	Candidatus Methylopumilus universalis	Candidatus Methylopumilus	Methylophilaceae	Nitrosomonadales	Betaproteobacteria	Pseudomonadota	Pseudomonadati	Bacteria	NA	0.001181656	0	0	0	0	4.00E-05	0	0	0	0	0	0	0	0	0.000145277	0	0	0.00092281	0	0	0	0	0	0	0	0	0	0	0	0	0	0	7.35E-05	0	0	0
Candidatus Midichloria mitochondrii	696127	Candidatus Midichloria mitochondrii IricVA	Candidatus Midichloria	Candidatus Midichloriaceae	Rickettsiales	Alphaproteobacteria	Pseudomonadota	Pseudomonadati	Bacteria	NA	0.00352148	0	0	0	0	0	0	0	0	0	0	0	0	0	0.00087265	0	0	0.002453588	0	0	0	0	0	0	0	0	0	0	0	0	0	0	0	0	0	0.000195242
Candidatus Nanopelagicus limnae	1884634	Candidatus Nanopelagicus limnae	Candidatus Nanopelagicus	Candidatus Nanopelagicaceae	Candidatus Nanopelagicales	Actinomycetes	Actinomycetota	Bacillati	Bacteria	NA	0.000607969	0	0	0	0	0	0	0	0	0	0	0	0	0	0	0	0	0.000607969	0	0	0	0	0	0	0	0	0	0	0	0	0	0	0	0	0	0
Candidatus Planktophila dulcis	1884914	Candidatus Planktophila dulcis	Candidatus Planktophila	Candidatus Nanopelagicaceae	Candidatus Nanopelagicales	Actinomycetes	Actinomycetota	Bacillati	Bacteria	NA	0.000179606	0	0	0	0	0	0	0	0	0	0	0	0	0	0	0	0	0	0	0	0	0	0	0	0	0	0	0	0	0	0	0	0.000179606	0	0	0
Candidatus Planktophila limnetica	573600	Candidatus Planktophila limnetica	Candidatus Planktophila	Candidatus Nanopelagicaceae	Candidatus Nanopelagicales	Actinomycetes	Actinomycetota	Bacillati	Bacteria	NA	0.000109466	0	0	0	0	0	0	0	0	0	0	0	0	0	0	0	0	0	0.000109466	0	0	0	0	0	0	0	0	0	0	0	0	0	0	0	0	0
Candidatus Planktophila sulfonica	1884904	Candidatus Planktophila sulfonica	Candidatus Planktophila	Candidatus Nanopelagicaceae	Candidatus Nanopelagicales	Actinomycetes	Actinomycetota	Bacillati	Bacteria	NA	0.000436951	0	0	0	0	0	0	0	0	0	0	0	0	0	0	0	0	0.000303984	0	0	0	0	0	0	0	0	0	0	0	0	0	0	0.000132967	0	0	0
Caproicibacter fermentans	2576756	Caproicibacter fermentans	Caproicibacter	Acutalibacteraceae	Eubacteriales	Clostridia	Bacillota	Bacillati	Bacteria	NA	4.20842E-05	0	0	4.21E-05	0	0	0	0	0	0	0	0	0	0	0	0	0	0	0	0	0	0	0	0	0	0	0	0	0	0	0	0	0	0	0	0
Caproicibacter sp. BJN0012	3110227	Caproicibacter sp. BJN0012	Caproicibacter	Acutalibacteraceae	Eubacteriales	Clostridia	Bacillota	Bacillati	Bacteria	NA	7.40697E-05	0	0	7.41E-05	0	0	0	0	0	0	0	0	0	0	0	0	0	0	0	0	0	0	0	0	0	0	0	0	0	0	0	0	0	0	0	0
Caproicibacterium argilliputei	3030016	Caproicibacterium argilliputei	Caproicibacterium	Oscillospiraceae	Eubacteriales	Clostridia	Bacillota	Bacillati	Bacteria	NA	2.89628E-05	0	0	2.90E-05	0	0	0	0	0	0	0	0	0	0	0	0	0	0	0	0	0	0	0	0	0	0	0	0	0	0	0	0	0	0	0	0
Caproicibacterium sp. BJN0003	2994078	Caproicibacterium sp. BJN0003	Caproicibacterium	Oscillospiraceae	Eubacteriales	Clostridia	Bacillota	Bacillati	Bacteria	NA	2.7576E-05	0	0	2.76E-05	0	0	0	0	0	0	0	0	0	0	0	0	0	0	0	0	0	0	0	0	0	0	0	0	0	0	0	0	0	0	0	0
Caproicibacterium sp. XB1	3396405	Caproicibacterium sp. XB1	Caproicibacterium	Oscillospiraceae	Eubacteriales	Clostridia	Bacillota	Bacillati	Bacteria	NA	2.89628E-05	0	0	2.90E-05	0	0	0	0	0	0	0	0	0	0	0	0	0	0	0	0	0	0	0	0	0	0	0	0	0	0	0	0	0	0	0	0
Carnobacterium maltaromaticum	2751	Carnobacterium maltaromaticum	Carnobacterium	Carnobacteriaceae	Lactobacillales	Bacilli	Bacillota	Bacillati	Bacteria	pathogen	0.023066988	0	0	0	0	0	0	0	0	0	0	0	0	0	0	0	0	0	0	0	0.000158906	0	0	0	0	0	0	0.022908082	0	0	0	0	0	0	0	0
Cellvibrio sp. KY-GH-1	2303332	Cellvibrio sp. KY-GH-1	Cellvibrio	Cellvibrionaceae	Cellvibrionales	Gammaproteobacteria	Pseudomonadota	Pseudomonadati	Bacteria	NA	0.000854612	0	0	0	0	0	0	0	0	0	0	0	0	0	0	0	0.000854612	0	0	0	0	0	0	0	0	0	0	0	0	0	0	0	0	0	0	0
Cellvibrio sp. PSBB006	1987723	Cellvibrio sp. PSBB006	Cellvibrio	Cellvibrionaceae	Cellvibrionales	Gammaproteobacteria	Pseudomonadota	Pseudomonadati	Bacteria	NA	0.001994617	0	0	0	0	0	0	0	0	0	0	0	0	0	0	0	0.001994617	0	0	0	0	0	0	0	0	0	0	0	0	0	0	0	0	0	0	0
Cetobacterium somerae	1319815	Cetobacterium somerae ATCC BAA-474	Cetobacterium	Fusobacteriaceae	Fusobacteriales	Fusobacteriia	Fusobacteriota	Fusobacteriati	Bacteria	NA	2.753719343	0.317771976	0.000783484	0	0.005962194	0	0	0	0	0.000292636	0.000288764	0	0.029035106	0	0.031441435	0	0	0	0.008576417	0.470878578	0.889657537	0.302215494	0.159697198	0.302343241	0.215428629	0	0	0	0.000753996	0	0.000425277	0.000514167	0.005816305	0.011836909	0	0
Cetobacterium sp. SF1	3417654	Cetobacterium sp. SF1	Cetobacterium	Fusobacteriaceae	Fusobacteriales	Fusobacteriia	Fusobacteriota	Fusobacteriati	Bacteria	NA	0.001603625	0	0	0	0	0	0	0	0	0.000224667	0	0	0	0	0	0	0	0	0.000459572	0	0	0.000132703	0	0.000610976	0.000175707	0	0	0	0	0	0	0	0	0	0	0
Chloracidobacterium aggregatum	2821542	Chloracidobacterium sp. MS 40/45	Chloracidobacterium	Acidobacteriaceae	Terriglobales	Terriglobia	Acidobacteriota	Pseudomonadati	Bacteria	NA	0.000159739	0	0	0	0	0	0	0	0.000159739	0	0	0	0	0	0	0	0	0	0	0	0	0	0	0	0	0	0	0	0	0	0	0	0	0	0	0
Chloracidobacterium sp. D	2821536	Chloracidobacterium sp. D	Chloracidobacterium	Acidobacteriaceae	Terriglobales	Terriglobia	Acidobacteriota	Pseudomonadati	Bacteria	NA	0.001349193	0	0	0	0	0	0	0	0.001349193	0	0	0	0	0	0	0	0	0	0	0	0	0	0	0	0	0	0	0	0	0	0	0	0	0	0	0
Chloracidobacterium validum	2821543	Chloracidobacterium validum	Chloracidobacterium	Acidobacteriaceae	Terriglobales	Terriglobia	Acidobacteriota	Pseudomonadati	Bacteria	NA	0.001249412	0.000939948	0	0	0	0	0	0	0	0	0	0	0	0	0	0	0	0	0	0	0	0	0	0	0	0	0.000309464	0	0	0	0	0	0	0	0	0
Chromobacterium paludis	2605945	Chromobacterium paludis	Chromobacterium	Chromobacteriaceae	Neisseriales	Betaproteobacteria	Pseudomonadota	Pseudomonadati	Bacteria	NA	5.68079E-05	0	0	0	0	0	0	0	0	0	0	0	0	0	0	0	0	0	0	0	0	0	0	0	0	0	0	0	0	0	0	0	0	0	5.68E-05	0
Chromobacterium sp. CV08	3133274	Chromobacterium sp. CV08	Chromobacterium	Chromobacteriaceae	Neisseriales	Betaproteobacteria	Pseudomonadota	Pseudomonadati	Bacteria	NA	8.00703E-05	0	0	0	0	0	0	0	0	0	0	0	0	0	0	0	0	0	0	0	0	0	0	0	0	0	0	0	0	0	0	0	0	0	8.01E-05	0
Citrobacter freundii	546	Citrobacter freundii	Citrobacter	Enterobacteriaceae	Enterobacterales	Gammaproteobacteria	Pseudomonadota	Pseudomonadati	Bacteria	pathogen	0.002493232	0	0	0	0	0	0	0	0	0	0	0	0	0	0	0	0	0	0.001739715	0	0	0	0	0.000753517	0	0	0	0	0	0	0	0	0	0	0	0
Citrobacter youngae	133448	Citrobacter youngae	Citrobacter	Enterobacteriaceae	Enterobacterales	Gammaproteobacteria	Pseudomonadota	Pseudomonadati	Bacteria	NA	0.000192465	0	0	0	0	0	0	0	0	0	0	0	0	0	0	0	0	0	0	0	0	0	0	0.000192465	0	0	0	0	0	0	0	0	0	0	0	0
Clostridium baratii	1561	Clostridium baratii	Clostridium	Clostridiaceae	Eubacteriales	Clostridia	Bacillota	Bacillati	Bacteria	NA	0.00477284	0	0	0	0	0	9.47E-05	0	0	0	0	0	0	0	0	0	0	0	0	0	0	0	0	0	0	0.004678143	0	0	0	0	0	0	0	0	0	0
Clostridium beijerinckii	1520	Clostridium beijerinckii	Clostridium	Clostridiaceae	Eubacteriales	Clostridia	Bacillota	Bacillati	Bacteria	NA	0.000565746	0	0	5.71E-05	0	0	0	0	0	0	0.000155933	0	0	0	0	0	0	0	0.000150677	0	0	0	0	0	0	0.000201987	0	0	0	0	0	0	0	0	0	0
Clostridium chauvoei	46867	Clostridium chauvoei	Clostridium	Clostridiaceae	Eubacteriales	Clostridia	Bacillota	Bacillati	Bacteria	NA	0.000125567	0	0	0	0	0	0.000125567	0	0	0	0	0	0	0	0	0	0	0	0	0	0	0	0	0	0	0	0	0	0	0	0	0	0	0	0	0
Clostridium culturomicium	1499683	Clostridium culturomicium	Clostridium	Clostridiaceae	Eubacteriales	Clostridia	Bacillota	Bacillati	Bacteria	NA	0.001720619	0	0	0	0	0	0	0	0	0	0	0	0	0	0	0	0	0	0	0	0	0	0	0	0	0	0	0	0	0	0	0	0	0	0.001720619	0
Clostridium gasigenes	94869	Clostridium gasigenes	Clostridium	Clostridiaceae	Eubacteriales	Clostridia	Bacillota	Bacillati	Bacteria	NA	0.931745727	0.007937337	0	0.00559467	0.001413132	0	0.060743128	0.099113586	0	0	0.000323653	0	0	0	0.000208394	0	0	0	0.000275706	0	0.087071703	0	0.007233039	2.16E-05	4.98E-05	0	0	0	0	0	0.000607539	8.21E-05	0.659045024	0	0	0.002025334
Clostridium isatidis	182773	Clostridium isatidis	Clostridium	Clostridiaceae	Eubacteriales	Clostridia	Bacillota	Bacillati	Bacteria	NA	0.000210459	0	0	0.000210459	0	0	0	0	0	0	0	0	0	0	0	0	0	0	0	0	0	0	0	0	0	0	0	0	0	0	0	0	0	0	0	0
Clostridium perfringens	1502	Clostridium perfringens	Clostridium	Clostridiaceae	Eubacteriales	Clostridia	Bacillota	Bacillati	Bacteria	NA	0.124018481	0	0	0	0	0	0.006213401	0	0	0	0	0	0	0.000212497	0	0	0	0	0	0	0	0	0.000197029	0	0	0.000162558	0	0	0.00148327	0	0.000776782	0	0	0	0.114972945	0
Clostridium saccharoperbutylacetonicum	36745	Clostridium saccharoperbutylacetonicum	Clostridium	Clostridiaceae	Eubacteriales	Clostridia	Bacillota	Bacillati	Bacteria	NA	7.26843E-05	0	0	0	0	0	0	0	0	0	0	0	0	0	0	0	0	0	7.27E-05	0	0	0	0	0	0	0	0	0	0	0	0	0	0	0	0	0
Clostridium sp. HCS.1	3238594	Clostridium sp. HCS.1	Clostridium	Clostridiaceae	Eubacteriales	Clostridia	Bacillota	Bacillati	Bacteria	NA	0.001001286	0	0	0	0	0	3.08E-05	0	0	0	0.000323177	0	0	0	0	0	0	0	0	0	0.000415611	0	0	0	0	0	0	0.000231689	0	0	0	0	0	0	0	0
Clostridium sp. MB05	3376682	Clostridium sp. MB05	Clostridium	Clostridiaceae	Eubacteriales	Clostridia	Bacillota	Bacillati	Bacteria	NA	0.014112857	0	0	0	0	0	0.000278469	0.00047399	0	0	0	0	0	0	0	0	0	0	0.000546943	0	6.04E-05	0	0	0	0	0	0	0.011289629	0	0	0	0	0.000962053	0	0	0.00050133
Conexibacter sp. S30A1	2937800	Conexibacter sp. S30A1	Conexibacter	Conexibacteraceae	Solirubrobacterales	Thermoleophilia	Actinomycetota	Bacillati	Bacteria	NA	8.32628E-05	0	0	0	0	0	0	0	0	0	0	0	0	0	0	0	0	0	8.33E-05	0	0	0	0	0	0	0	0	0	0	0	0	0	0	0	0	0
Conexibacter woesei	469383	Conexibacter woesei DSM 14684	Conexibacter	Conexibacteraceae	Solirubrobacterales	Thermoleophilia	Actinomycetota	Bacillati	Bacteria	NA	8.00331E-05	0	0	0	0	0	0	0	0	0	0	0	0	0	0	0	0	0	8.00E-05	0	0	0	0	0	0	0	0	0	0	0	0	0	0	0	0	0
Corynebacterium canis	679663	Corynebacterium canis	Corynebacterium	Corynebacteriaceae	Mycobacteriales	Actinomycetes	Actinomycetota	Bacillati	Bacteria	NA	0.000371468	0	0	0	0	0	0	0	0	0	0.000190584	0	0	0	0	7.14E-05	0	0	0.000109466	0	0	0	0	0	0	0	0	0	0	0	0	0	0	0	0	0
Corynebacterium ureicelerivorans	401472	Corynebacterium ureicelerivorans	Corynebacterium	Corynebacteriaceae	Mycobacteriales	Actinomycetes	Actinomycetota	Bacillati	Bacteria	NA	0.00041255	0	0	0	0	0	0	0	0	0	0	0	0	0	0	0	0	0.00041255	0	0	0	0	0	0	0	0	0	0	0	0	0	0	0	0	0	0
Crocosphaera subtropica	43989	Crocosphaera subtropica ATCC 51142	Crocosphaera	Aphanothecaceae	Chroococcales	Cyanophyceae	Cyanobacteriota	Bacillati	Bacteria	NA	0.000202715	0	0	0	0	0	0	0	0	0	0	0	0	0	0	0	0	0	0.000202715	0	0	0	0	0	0	0	0	0	0	0	0	0	0	0	0	0
Cutibacterium acnes	1747	Cutibacterium acnes	Cutibacterium	Propionibacteriaceae	Propionibacteriales	Actinomycetes	Actinomycetota	Bacillati	Bacteria	NA	0.000378437	0	0	0	0	0	0	0	0	0	0	0	0	0	0	0	0	0	0	0	0	0	0	0	0	0	0	0.000378437	0	0	0	0	0	0	0	0
Cyanobacterium sp. uoEpiScrs1	2976343	Cyanobacterium sp. uoEpiScrs1	Cyanobacterium	Geminocystaceae	Chroococcales	Cyanophyceae	Cyanobacteriota	Bacillati	Bacteria	NA	4.97604E-05	0	0	0	0	0	0	0	0	0	0	0	0	0	0	0	0	0	4.98E-05	0	0	0	0	0	0	0	0	0	0	0	0	0	0	0	0	0
Cytobacillus dafuensis	1742359	Cytobacillus dafuensis	Cytobacillus	Bacillaceae	Bacillales	Bacilli	Bacillota	Bacillati	Bacteria	NA	0.016378415	0	0	0	0	0	0.000764608	0.013031908	0	0	0.00015072	0	0	6.45E-05	0	0	0	0	0.000193754	0.000182253	4.18E-05	0	0	0	0	0	0	0	5.81E-05	0	0	0	0.001689144	0	8.39E-05	0.000117698
Cytobacillus kochii	859143	Cytobacillus kochii	Cytobacillus	Bacillaceae	Bacillales	Bacilli	Bacillota	Bacillati	Bacteria	NA	0.001401413	0	0	0	0	0	0.000194695	0.001206718	0	0	0	0	0	0	0	0	0	0	0	0	0	0	0	0	0	0	0	0	0	0	0	0	0	0	0	0
Cytobacillus praedii	1742358	Cytobacillus praedii	Cytobacillus	Bacillaceae	Bacillales	Bacilli	Bacillota	Bacillati	Bacteria	NA	0.000252075	0	0	0	0	0	3.93E-05	0.00021278	0	0	0	0	0	0	0	0	0	0	0	0	0	0	0	0	0	0	0	0	0	0	0	0	0	0	0	0
Deefgea piscis	2739061	Deefgea piscis	Deefgea	Chitinibacteraceae	Neisseriales	Betaproteobacteria	Pseudomonadota	Pseudomonadati	Bacteria	NA	2.57253844	0.368424717	0.01789717	0.000769242	0.000536467	0	0.005524501	0.02274918	0	0.037450948	0.336173092	0.014220656	0.000229085	0.642704466	0.00803185	0	0	0.119965259	0.075896405	0.276137398	0.006503286	3.95E-05	0.167493528	0.038009632	0.045300282	0.000772151	0.012567695	0.007585569	0.004256161	0.249196141	0.000108489	0.000272774	0.099496206	0.001088322	0.006775679	0.006362599
Deefgea tanakiae	2865840	Deefgea tanakiae	Deefgea	Chitinibacteraceae	Neisseriales	Betaproteobacteria	Pseudomonadota	Pseudomonadati	Bacteria	NA	0.000876048	0	0	3.20E-05	0	0	0	0	0	0	6.91E-05	0.000444203	0	0	0	0	0	0	0	3.45E-05	0	0	6.93E-05	0.000159966	6.71E-05	0	0	0	0	0	0	0	0	0	0	0
Defluviimonas sp. SAOS-178_SWC	3121287	Defluviimonas sp. SAOS-178_SWC	Albidovulum	Paracoccaceae	Rhodobacterales	Alphaproteobacteria	Pseudomonadota	Pseudomonadati	Bacteria	NA	4.45972E-05	0	0	0	0	0	0	0	0	0	0	0	0	0	0	0	0	0	4.46E-05	0	0	0	0	0	0	0	0	0	0	0	0	0	0	0	0	0
Denitratisoma oestradiolicum	311182	Denitratisoma oestradiolicum	Denitratisoma	Sterolibacteriaceae	Nitrosomonadales	Betaproteobacteria	Pseudomonadota	Pseudomonadati	Bacteria	NA	0.000643406	0	0	0	0.000122122	0	0	0	0	0	0	0	0	0	0	0	0	0	0	0	0	0	0	0	0	0	0	0	0	0	0	0	0.00012859	0.000392694	0	0
Desulfobaculum bizertense	376490	Desulfobaculum bizertense	Desulfobaculum	Desulfovibrionaceae	Desulfovibrionales	Desulfovibrionia	Thermodesulfobacteriota	Pseudomonadati	Bacteria	NA	0.000858189	0	0	0.000596489	0.000153981	0	0	0	0	0	0	0	0	0	0	0	0	0	0	0	0	0	0.00010772	0	0	0	0	0	0	0	0	0	0	0	0	0
Desulfohalobium retbaense	485915	Desulfohalobium retbaense DSM 5692	Desulfohalobium	Desulfohalobiaceae	Desulfovibrionales	Desulfovibrionia	Thermodesulfobacteriota	Pseudomonadati	Bacteria	NA	4.16199E-05	0	0	4.16E-05	0	0	0	0	0	0	0	0	0	0	0	0	0	0	0	0	0	0	0	0	0	0	0	0	0	0	0	0	0	0	0	0
Desulfomicrobium orale	888061	Desulfomicrobium orale DSM 12838	Desulfomicrobium	Desulfomicrobiaceae	Desulfovibrionales	Desulfovibrionia	Thermodesulfobacteriota	Pseudomonadati	Bacteria	NA	0.00014753	0	0	9.23E-05	5.52E-05	0	0	0	0	0	0	0	0	0	0	0	0	0	0	0	0	0	0	0	0	0	0	0	0	0	0	0	0	0	0	0
Desulfovibrio desulfuricans	876	Desulfovibrio desulfuricans	Desulfovibrio	Desulfovibrionaceae	Desulfovibrionales	Desulfovibrionia	Thermodesulfobacteriota	Pseudomonadati	Bacteria	NA	0.540378371	0.00048738	0	0.03832575	0.256259048	0.002084242	0.002634509	0.022178589	0.000754466	0.00725836	0.001203098	0.000218677	0.000818193	0.000562518	0.01532342	0.011373878	0.001187178	0.000347411	0.001573758	0.00186062	0.000507628	0	0.093729443	0.001859787	2.29E-05	0	0	0.005385885	0.002406112	0.017326742	0.000104149	0	0.000508697	0.012093619	0.002859373	0.039122961
Desulfovibrio fairfieldensis	44742	Desulfovibrio fairfieldensis	Desulfovibrio	Desulfovibrionaceae	Desulfovibrionales	Desulfovibrionia	Thermodesulfobacteriota	Pseudomonadati	Bacteria	NA	0.001443455	0	0	0.000129376	0.00093929	0	0	8.47E-05	0	0	0	0	0	0	0	0	0	0	0	0	0	0	0.000184251	0	0	0	0	0	0	0	0	0	0	0	0	0.000105829
Desulfovibrio mangrovi	2976983	Desulfovibrio mangrovi	Desulfovibrio	Desulfovibrionaceae	Desulfovibrionales	Desulfovibrionia	Thermodesulfobacteriota	Pseudomonadati	Bacteria	NA	0.000549634	0	0	0.000258991	0.000211811	0	0	0	0	0	0	0	0	0	0	0	0	0	0	0	0	0	7.88E-05	0	0	0	0	0	0	0	0	0	0	0	0	0
Desulfovibrio piger	901	Desulfovibrio piger	Desulfovibrio	Desulfovibrionaceae	Desulfovibrionales	Desulfovibrionia	Thermodesulfobacteriota	Pseudomonadati	Bacteria	NA	0.000261882	0	0	5.33E-05	0.000132244	0	0	0	0	0	0	0	0	0	0	0	0	0	0	0	0	0	7.63E-05	0	0	0	0	0	0	0	0	0	0	0	0	0
Desulfovibrio sp. 86	2666132	Desulfovibrio sp. 86	Desulfovibrio	Desulfovibrionaceae	Desulfovibrionales	Desulfovibrionia	Thermodesulfobacteriota	Pseudomonadati	Bacteria	NA	0.004676273	0	0	0.000418343	0.002033166	0.000237501	0.000296199	0.000157668	0	4.62E-05	0	0	0	0	0.00013339	0.000119839	0	0	0.000161879	7.96E-05	0	0	0.000708588	0	0	0	0	0	0	0	0	0	0	0	0	0.000283963
Desulfovibrio sp. G11	631220	Desulfovibrio sp. G11	Desulfovibrio	Desulfovibrionaceae	Desulfovibrionales	Desulfovibrionia	Thermodesulfobacteriota	Pseudomonadati	Bacteria	NA	0.928982927	0	0	0.003383915	0.024942006	0.121106614	0.125371092	0.021292404	0	0.000648119	0.000136766	2.34E-05	8.42E-05	6.66E-05	0.001535662	0.001390043	0	0	0.106312316	0.019369366	0.000130367	0	0.008823972	0.000201393	0.002183539	0	0	0.016026446	0.003547438	0.467471011	0	0	0	0.001047329	0.000214479	0.00367443
Desulfovibrio sp. WGS1351	3366814	Desulfovibrio sp. WGS1351	Desulfovibrio	Desulfovibrionaceae	Desulfovibrionales	Desulfovibrionia	Thermodesulfobacteriota	Pseudomonadati	Bacteria	NA	0.000863874	0	0	7.16E-05	0.000277132	0.000115659	0.000172716	0	0	0	0	0	0	0	0	0	0	0	0.000124489	0	0	0	0.000102296	0	0	0	0	0	0	0	0	0	0	0	0	0
Desulfovibrio subterraneus	2718620	Desulfovibrio subterraneus	Desulfovibrio	Desulfovibrionaceae	Desulfovibrionales	Desulfovibrionia	Thermodesulfobacteriota	Pseudomonadati	Bacteria	NA	0.000935641	0	0	0.000108903	0.000404693	0	0	8.17E-05	0	0	0	0	0	0	5.11E-05	0	0	0	0	0	0	0	0.000181384	0	0	0	0	0	0	0	0	0	0	0	0	0.000107792
Enterobacter mori	539813	Enterobacter mori	Enterobacter	Enterobacteriaceae	Enterobacterales	Gammaproteobacteria	Pseudomonadota	Pseudomonadati	Bacteria	NA	5.36763E-05	0	0	0	0	0	0	0	0	0	0	0	0	0	0	0	0	0	0	0	0	0	0	5.37E-05	0	0	0	0	0	0	0	0	0	0	0	0
Erwinia aphidicola	68334	Erwinia aphidicola	Erwinia	Erwiniaceae	Enterobacterales	Gammaproteobacteria	Pseudomonadota	Pseudomonadati	Bacteria	NA	0.001023534	0	0	0	0	0	0	0	0	0	0	0	0	0	0	0	0	0	0	0	0	0	0	0.001023534	0	0	0	0	0	0	0	0	0	0	0	0
Erwinia sp. LJJL01	3391839	Erwinia sp. LJJL01	Erwinia	Erwiniaceae	Enterobacterales	Gammaproteobacteria	Pseudomonadota	Pseudomonadati	Bacteria	NA	7.16975E-05	0	0	0	0	0	0	0	0	0	0	0	0	0	0	0	0	0	0	0	0	0	0	7.17E-05	0	0	0	0	0	0	0	0	0	0	0	0
Escherichia coli	562	Escherichia coli	Escherichia	Enterobacteriaceae	Enterobacterales	Gammaproteobacteria	Pseudomonadota	Pseudomonadati	Bacteria	NA	4.55085E-05	0	0	0	0	0	0	0	0	0	0	0	0	0	0	0	0	0	0	0	0	0	0	4.55E-05	0	0	0	0	0	0	0	0	0	0	0	0
Ferrovum myxofaciens	416213	Ferrovum myxofaciens	Ferrovum	Ferrovaceae	Ferrovales	Betaproteobacteria	Pseudomonadota	Pseudomonadati	Bacteria	NA	0.004960296	0	0	0	0	0	0	0	0.000329622	0	0	0	0	0	0	0	0	0	0	0	0	0	0	0	0	0	0	0	0.000405208	0.002947483	0	0	0	0.001277982	0	0
Flavobacterium cupriresistens	2893885	Flavobacterium cupriresistens	Flavobacterium	Flavobacteriaceae	Flavobacteriales	Flavobacteriia	Bacteroidota	Pseudomonadati	Bacteria	NA	0.000146337	0	0	0	0	0	0	0	0	0	0	0	0	0	0	0	0	0	0	0	0	0	0	0	0	0	0	0	0.000146337	0	0	0	0	0	0	0
Flavobacterium sp. M31R6	2739062	Flavobacterium sp. M31R6	Flavobacterium	Flavobacteriaceae	Flavobacteriales	Flavobacteriia	Bacteroidota	Pseudomonadati	Bacteria	NA	0.000317035	0	0	0	0	0	0	0	0	0	0	0	0	0	0	0	0	0	0	0	0	0	0	0	0	0	0.00021204	0	0.000104995	0	0	0	0	0	0	0
Fluviispira sanaruensis	2493639	Fluviispira sanaruensis	Fluviispira	Silvanigrellaceae	Silvanigrellales	Oligoflexia	Bdellovibrionota	Pseudomonadati	Bacteria	NA	5.26723E-05	0	0	0	0	0	0	5.27E-05	0	0	0	0	0	0	0	0	0	0	0	0	0	0	0	0	0	0	0	0	0	0	0	0	0	0	0	0
Fusobacterium mortiferum	469616	Fusobacterium mortiferum ATCC 9817	Fusobacterium	Fusobacteriaceae	Fusobacteriales	Fusobacteriia	Fusobacteriota	Fusobacteriati	Bacteria	NA	4.66678E-05	0	0	0	0	0	0	0	0	0	0	0	0	0	0	0	0	0	4.67E-05	0	0	0	0	0	0	0	0	0	0	0	0	0	0	0	0	0
Fusobacterium varium	856	Fusobacterium varium	Fusobacterium	Fusobacteriaceae	Fusobacteriales	Fusobacteriia	Fusobacteriota	Fusobacteriati	Bacteria	NA	0.00016519	0	0	0	0	0	0	0	0	0	0	0	0	0	0	0	0	0	0.00016519	0	0	0	0	0	0	0	0	0	0	0	0	0	0	0	0	0
Geitlerinema sp. PCC 7407	1173025	Geitlerinema sp. PCC 7407	Geitlerinema	Geitlerinemataceae	Geitlerinematales	Cyanophyceae	Cyanobacteriota	Bacillati	Bacteria	NA	0.000105587	0	0	0	0	0	0	0	0	0	0	0	0	0	0	0.000105587	0	0	0	0	0	0	0	0	0	0	0	0	0	0	0	0	0	0	0	0
Gemmata obscuriglobus	114	Gemmata obscuriglobus	Gemmata	Gemmataceae	Gemmatales	Planctomycetia	Planctomycetota	Pseudomonadati	Bacteria	NA	4.44871E-05	0	0	0	4.45E-05	0	0	0	0	0	0	0	0	0	0	0	0	0	0	0	0	0	0	0	0	0	0	0	0	0	0	0	0	0	0	0
Gemmata sp. SH-PL17	1630693	Gemmata sp. SH-PL17	Gemmata	Gemmataceae	Gemmatales	Planctomycetia	Planctomycetota	Pseudomonadati	Bacteria	NA	0.000186673	0	0	0	0.000186673	0	0	0	0	0	0	0	0	0	0	0	0	0	0	0	0	0	0	0	0	0	0	0	0	0	0	0	0	0	0	0
Gibbsiella quercinecans	929813	Gibbsiella quercinecans	Gibbsiella	Yersiniaceae	Enterobacterales	Gammaproteobacteria	Pseudomonadota	Pseudomonadati	Bacteria	NA	2.6657E-05	0	0	0	0	0	0	0	0	0	0	0	0	0	0	0	0	0	0	0	0	0	0	2.67E-05	0	0	0	0	0	0	0	0	0	0	0	0
Gottfriedia acidiceleris	371036	Gottfriedia acidiceleris	Gottfriedia	Bacillaceae	Bacillales	Bacilli	Bacillota	Bacillati	Bacteria	NA	0.001147628	0	0	0	0	0	7.94E-05	0.000985257	0	0	0	0	0	0	0	0	0	0	0	0	0	0	0	0	0	0	0	0	0	0	0	0	8.30E-05	0	0	0
Haliscomenobacter hydrossis	760192	Haliscomenobacter hydrossis DSM 1100	Haliscomenobacter	Haliscomenobacteraceae	Saprospirales	Saprospiria	Bacteroidota	Pseudomonadati	Bacteria	NA	0.001928583	0	0	0	0.000104676	0	0	0	0	0	0	0	0	0	0	0	0	0.001823906	0	0	0	0	0	0	0	0	0	0	0	0	0	0	0	0	0	0
Hyphomicrobium denitrificans	670307	Hyphomicrobium denitrificans 1NES1	Hyphomicrobium	Hyphomicrobiaceae	Hyphomicrobiales	Alphaproteobacteria	Pseudomonadota	Pseudomonadati	Bacteria	NA	0.000244094	0	0	0	0	0	0	0	0	0	0	0	0	0	0	0	0	0	0.000244094	0	0	0	0	0	0	0	0	0	0	0	0	0	0	0	0	0
Hyphomicrobium nitrativorans	1029756	Hyphomicrobium nitrativorans NL23	Hyphomicrobium	Hyphomicrobiaceae	Hyphomicrobiales	Alphaproteobacteria	Pseudomonadota	Pseudomonadati	Bacteria	NA	0.000508658	0	0	0	0	0	0	0	0	0	0	0	0	0	0	0	0	0	0.000508658	0	0	0	0	0	0	0	0	0	0	0	0	0	0	0	0	0
Hyphomicrobium sp. 1Nfss2.1	3413936	Hyphomicrobium sp. 1Nfss2.1	Hyphomicrobium	Hyphomicrobiaceae	Hyphomicrobiales	Alphaproteobacteria	Pseudomonadota	Pseudomonadati	Bacteria	NA	0.000308978	0	0	0	0	0	0	0	0	0	0	0	0	0	0	0	0	0	0.000308978	0	0	0	0	0	0	0	0	0	0	0	0	0	0	0	0	0
Hyphomicrobium sp. DY-1	3075650	Hyphomicrobium sp. DY-1	Hyphomicrobium	Hyphomicrobiaceae	Hyphomicrobiales	Alphaproteobacteria	Pseudomonadota	Pseudomonadati	Bacteria	NA	0.00017065	0	0	0	0	0	0	0	0	0	0	0	0	0	0	0	0	0	0.00017065	0	0	0	0	0	0	0	0	0	0	0	0	0	0	0	0	0
Hyphomicrobium sp. ghe19	2682968	Hyphomicrobium sp. ghe19	Hyphomicrobium	Hyphomicrobiaceae	Hyphomicrobiales	Alphaproteobacteria	Pseudomonadota	Pseudomonadati	Bacteria	NA	0.000101482	0	0	0	0	0	0	0	0	0	0	0	0	0	0	0	0	0	0.000101482	0	0	0	0	0	0	0	0	0	0	0	0	0	0	0	0	0
Klebsiella aerogenes	548	Klebsiella aerogenes	Klebsiella	Enterobacteriaceae	Enterobacterales	Gammaproteobacteria	Pseudomonadota	Pseudomonadati	Bacteria	NA	0.00169443	0	0	0	0	0	0	0	0	0	0	0	0	0	0	0	0	0	0	0	0	0	0	0.00169443	0	0	0	0	0	0	0	0	0	0	0	0
Klebsiella sp. A52	2834819	Klebsiella sp. A52	Klebsiella	Enterobacteriaceae	Enterobacterales	Gammaproteobacteria	Pseudomonadota	Pseudomonadati	Bacteria	NA	0.000144363	0	0	0	0	0	0	0	0	0	0	0	0	0	0	0	0	0	0	0	0	0	0	0.000144363	0	0	0	0	0	0	0	0	0	0	0	0
Klebsiella variicola	244366	Klebsiella variicola	Klebsiella	Enterobacteriaceae	Enterobacterales	Gammaproteobacteria	Pseudomonadota	Pseudomonadati	Bacteria	NA	6.43067E-05	0	0	0	0	0	0	0	0	0	0	0	0	0	0	0	0	0	0	0	0	0	0	6.43E-05	0	0	0	0	0	0	0	0	0	0	0	0
Kluyvera ascorbata	51288	Kluyvera ascorbata	Kluyvera	Enterobacteriaceae	Enterobacterales	Gammaproteobacteria	Pseudomonadota	Pseudomonadati	Bacteria	NA	7.15308E-05	0	0	0	0	0	0	0	0	0	0	0	0	0	0	0	0	0	0	0	0	0	0	7.15E-05	0	0	0	0	0	0	0	0	0	0	0	0
Kluyvera cryocrescens	580	Kluyvera cryocrescens	Kluyvera	Enterobacteriaceae	Enterobacterales	Gammaproteobacteria	Pseudomonadota	Pseudomonadati	Bacteria	pathogen	0.016579389	0	0	0	0	0	0	0	0	0	0	0	0	0	0	0	0	0	0	0	0	0	0	0.014295548	0	0	0	0	0	0	0	0.000166561	0.001948983	0.000168297	0	0
Kluyvera intermedia	61648	Kluyvera intermedia	Kluyvera	Enterobacteriaceae	Enterobacterales	Gammaproteobacteria	Pseudomonadota	Pseudomonadati	Bacteria	pathogen	0.01833119	0	0	0	0	0	0	0	0	0	0	0	0	0	0	0	0	0	0	0	0	0	0	3.43E-05	0	0	0.000286541	0	0.000325482	0.017684887	0	0	0	0	0	0
Lacipirellula parvula	2650471	Lacipirellula parvula	Lacipirellula	Lacipirellulaceae	Pirellulales	Planctomycetia	Planctomycetota	Pseudomonadati	Bacteria	NA	0.00019866	0	0	0	0	0	0	0	0	0	0	0	0	0	0	0	0	0	0.00019866	0	0	0	0	0	0	0	0	0	0	0	0	0	0	0	0	0
Lacticaseibacillus paracasei	1597	Lacticaseibacillus paracasei	Lacticaseibacillus	Lactobacillaceae	Lactobacillales	Bacilli	Bacillota	Bacillati	Bacteria	NA	0.012511854	0.001079199	0	0	0	0	0	0	0	0	0	0	0	0	0	0	0	0	0	0	0	0	0	0	0	0	0	0	0	0.011432655	0	0	0	0	0	0
Lactococcus cremoris	1359	Lactococcus cremoris	Lactococcus	Streptococcaceae	Lactobacillales	Bacilli	Bacillota	Bacillati	Bacteria	NA	0.019340975	0	0.000186209	0	0	0	0	0	0	0	0	0	0	0	0	0	0	0	0	0	0	0	0	0	0	0.019154765	0	0	0	0	0	0	0	0	0	0
Lawsonia intracellularis	29546	Lawsonia intracellularis	Lawsonia	Desulfovibrionaceae	Desulfovibrionales	Desulfovibrionia	Thermodesulfobacteriota	Pseudomonadati	Bacteria	NA	0.000409997	0	0	0.000100886	0.000309111	0	0	0	0	0	0	0	0	0	0	0	0	0	0	0	0	0	0	0	0	0	0	0	0	0	0	0	0	0	0	0
Leclercia sp. 119287	2681308	Leclercia sp. 119287	Leclercia	Enterobacteriaceae	Enterobacterales	Gammaproteobacteria	Pseudomonadota	Pseudomonadati	Bacteria	NA	6.02879E-05	0	0	0	0	0	0	0	0	0	0	0	0	0	0	0	0	0	0	0	0	0	0	6.03E-05	0	0	0	0	0	0	0	0	0	0	0	0
Lelliottia amnigena	61646	Lelliottia amnigena	Lelliottia	Enterobacteriaceae	Enterobacterales	Gammaproteobacteria	Pseudomonadota	Pseudomonadati	Bacteria	pathogen	0.00083002	0	0	0	0	0	0.000295757	0	0	0	0	0	0	0	0	0	0	0	0.000311758	0	0	0	0	0	0	0	0	0	0.000222504	0	0	0	0	0	0	0
Lewinella sp. LCG006	3231911	Lewinella sp. LCG006	Lewinella	Lewinellaceae	Saprospirales	Saprospiria	Bacteroidota	Pseudomonadati	Bacteria	NA	0.000291341	0	0	0	0	0	0	0	0	0	0	0	0	0	0	0	0	0.000291341	0	0	0	0	0	0	0	0	0	0	0	0	0	0	0	0	0	0
Limnoglobus roseus	2598579	Limnoglobus roseus	Limnoglobus	Gemmataceae	Gemmatales	Planctomycetia	Planctomycetota	Pseudomonadati	Bacteria	NA	0.000143843	0	0	0	0	0	0	0	0	0	0	0	0	0	0	0	0	0	0.000143843	0	0	0	0	0	0	0	0	0	0	0	0	0	0	0	0	0
Limnohabitans sp. DCL3	3374103	Limnohabitans sp. DCL3	Limnohabitans	Comamonadaceae	Burkholderiales	Betaproteobacteria	Pseudomonadota	Pseudomonadati	Bacteria	NA	0.037783964	0	0	0	0	0.000190588	0	0	0	0	0	0	0	0	0	8.40E-05	0.037198259	0	0	0	0	0	0.000311095	0	0	0	0	0	0	0	0	0	0	0	0	0
Luteolibacter ambystomatis	2824561	Luteolibacter ambystomatis	Luteolibacter	Verrucomicrobiaceae	Verrucomicrobiales	Verrucomicrobiia	Verrucomicrobiota	Pseudomonadati	Bacteria	NA	0.000154525	0	0	0	0	0	0	0	0	0	0	0	0	0	0.000104112	5.04E-05	0	0	0	0	0	0	0	0	0	0	0	0	0	0	0	0	0	0	0	0
Luteolibacter sp. AS25	3135776	Luteolibacter sp. AS25	Luteolibacter	Verrucomicrobiaceae	Verrucomicrobiales	Verrucomicrobiia	Verrucomicrobiota	Pseudomonadati	Bacteria	NA	7.38916E-05	0	0	0	0	0	0	0	0	0	0	0	0	0	7.39E-05	0	0	0	0	0	0	0	0	0	0	0	0	0	0	0	0	0	0	0	0	0
Malacoplasma iowae	2116	Malacoplasma iowae	Malacoplasma	Mycoplasmoidaceae	Mycoplasmoidales	NA	Mycoplasmatota	Bacillati	Bacteria	NA	0.000145521	0	0	0	0	0	4.86E-05	0	0	0	0	0	0	0	5.19E-05	0	0	0	0	0	0	0	0	0	0	0	0	0	0	0	0	0	0	0	0	4.50E-05
Malacoplasma muris	2119	Malacoplasma muris	Malacoplasma	Mycoplasmoidaceae	Mycoplasmoidales	NA	Mycoplasmatota	Bacillati	Bacteria	NA	16.89346842	0.28181027	0.980230197	0.00076104	0.103324349	0.870636488	0.717149874	0.354332036	0.988404574	0.68159806	0.654043846	0.13981198	0.003053533	0.314121073	0.939691818	0.98347715	0.893153937	0.086353273	0.661121742	0.22556872	0.000374733	0.000617037	0.376854276	0.002618864	0.040696202	0.85926403	0.283549672	0.92357245	0.966457498	0.022061451	0.994571208	0.007987699	0.004682463	0.887723274	0.85432884	0.789464759
Malacoplasma penetrans	272633	Malacoplasma penetrans HF-2	Malacoplasma	Mycoplasmoidaceae	Mycoplasmoidales	NA	Mycoplasmatota	Bacillati	Bacteria	NA	0.000639805	0	0	3.13E-05	0	0	0.000455467	0	0	0	0	3.65E-05	0	0	0	0	0	0	0	0	0	0	0	0	5.77E-05	5.88E-05	0	0	0	0	0	0	0	0	0	0
Marispirochaeta aestuarii	1963862	Marispirochaeta aestuarii	Marispirochaeta	Spirochaetaceae	Spirochaetales	Spirochaetia	Spirochaetota	Pseudomonadati	Bacteria	NA	0.00106012	0	0	0	0	0	0	0	0	0	0	0	0	0	0	0	0	0.00106012	0	0	0	0	0	0	0	0	0	0	0	0	0	0	0	0	0	0
Massilia varians	457921	Massilia varians	Massilia	Oxalobacteraceae	Burkholderiales	Betaproteobacteria	Pseudomonadota	Pseudomonadati	Bacteria	NA	0.000134521	0	0	0	0	0	0	0	0	0	0	0	0	0	0	0	0	0	0	0	0	0	0	0	0	0	0	0	0	0	0	0	0	0.000134521	0	0
Mesomycoplasma hyorhinis	2100	Mesomycoplasma hyorhinis	Mesomycoplasma	Metamycoplasmataceae	Mycoplasmoidales	NA	Mycoplasmatota	Bacillati	Bacteria	NA	0.000155397	0	0	0	0	0	0	0	0	0	0	0.000155397	0	0	0	0	0	0	0	0	0	0	0	0	0	0	0	0	0	0	0	0	0	0	0	0
Mesomycoplasma lagogenitalium	171286	Mesomycoplasma lagogenitalium	Mesomycoplasma	Metamycoplasmataceae	Mycoplasmoidales	NA	Mycoplasmatota	Bacillati	Bacteria	NA	0.000314522	0	0	0	0	0	0	0	0	0	0	0.000314522	0	0	0	0	0	0	0	0	0	0	0	0	0	0	0	0	0	0	0	0	0	0	0	0
Mesomycoplasma moatsii	171287	Mesomycoplasma moatsii	Mesomycoplasma	Metamycoplasmataceae	Mycoplasmoidales	NA	Mycoplasmatota	Bacillati	Bacteria	NA	0.538467	0	0	0	0	0	0	0	0	0	0	0.525270352	0	0	0	0	0	0	0	0	0	0	0	0	0.013196648	0	0	0	0	0	0	0	0	0	0	0
Mesomycoplasma molare	171288	Mesomycoplasma molare	Mesomycoplasma	Metamycoplasmataceae	Mycoplasmoidales	NA	Mycoplasmatota	Bacillati	Bacteria	NA	7.757E-05	0	0	0	0	0	0	0	0	0	0	7.76E-05	0	0	0	0	0	0	0	0	0	0	0	0	0	0	0	0	0	0	0	0	0	0	0	0
Mesorhizobium loti	935548	Mesorhizobium loti R88b	Mesorhizobium	Phyllobacteriaceae	Hyphomicrobiales	Alphaproteobacteria	Pseudomonadota	Pseudomonadati	Bacteria	NA	0.000140218	0	0	0	0	0	0	0	0	0	0	0	0	0	0	0	0	0	0.000140218	0	0	0	0	0	0	0	0	0	0	0	0	0	0	0	0	0
Mesorhizobium sp.	1871066	Mesorhizobium sp.	Mesorhizobium	Phyllobacteriaceae	Hyphomicrobiales	Alphaproteobacteria	Pseudomonadota	Pseudomonadati	Bacteria	NA	0.000217795	0	0	0	0	0	0	0	0	0	0	0	0	0	0	0	0	0	0.000217795	0	0	0	0	0	0	0	0	0	0	0	0	0	0	0	0	0
Mesorhizobium sp. 8	2584466	Mesorhizobium sp. 8	Mesorhizobium	Phyllobacteriaceae	Hyphomicrobiales	Alphaproteobacteria	Pseudomonadota	Pseudomonadati	Bacteria	NA	0.000369124	0	0	0	0	0	0	0	0	0	0	0	0	0	0	0	0	0.000369124	0	0	0	0	0	0	0	0	0	0	0	0	0	0	0	0	0	0
Mesorhizobium sp. ANAO-SY3R2	3166644	Mesorhizobium sp. ANAO-SY3R2	Mesorhizobium	Phyllobacteriaceae	Hyphomicrobiales	Alphaproteobacteria	Pseudomonadota	Pseudomonadati	Bacteria	NA	0.000662782	0	0	0	0	0	0	0	0	0	0	0	0	0	0	0	0	0	0.000662782	0	0	0	0	0	0	0	0	0	0	0	0	0	0	0	0	0
Metabacillus elymi	2745198	Metabacillus elymi	Metabacillus	Bacillaceae	Bacillales	Bacilli	Bacillota	Bacillati	Bacteria	NA	8.51402E-05	0	0	0	0	0	0	0	0	0	0	0	0	0	0	0	0	0	8.51E-05	0	0	0	0	0	0	0	0	0	0	0	0	0	0	0	0	0
Metamycoplasma sualvi	2125	Metamycoplasma sualvi	Metamycoplasma	Metamycoplasmataceae	Mycoplasmoidales	NA	Mycoplasmatota	Bacillati	Bacteria	NA	0.285915384	0	0	0	0	0	0	0	0	0	0	0.283680279	0	0	0	0	0	0	0	0	0	0	0	0	0.002235105	0	0	0	0	0	0	0	0	0	0	0
Methylobacter sp. G7	3230117	Methylobacter sp. G7	Methylobacter	Methylococcaceae	Methylococcales	Gammaproteobacteria	Pseudomonadota	Pseudomonadati	Bacteria	NA	9.73031E-05	0	0	0	0	0	0	0	0	0	0	0	0	0	0	0	0	0	9.73E-05	0	0	0	0	0	0	0	0	0	0	0	0	0	0	0	0	0
Methylocystis parvus	134	Methylocystis parvus	Methylocystis	Methylocystaceae	Hyphomicrobiales	Alphaproteobacteria	Pseudomonadota	Pseudomonadati	Bacteria	NA	0.000747496	0	0	0	0	0	0	0	0	0	0	0	0	0	0	0	0	0.000747496	0	0	0	0	0	0	0	0	0	0	0	0	0	0	0	0	0	0
Methylocystis sp. SC2	187303	Methylocystis sp. SC2	Methylocystis	Methylocystaceae	Hyphomicrobiales	Alphaproteobacteria	Pseudomonadota	Pseudomonadati	Bacteria	NA	4.0543E-05	0	0	0	0	0	0	0	0	0	0	0	0	0	0	0	0	0	4.05E-05	0	0	0	0	0	0	0	0	0	0	0	0	0	0	0	0	0
Methylosinus sp. C49	2699395	Methylosinus sp. C49	Methylosinus	Methylocystaceae	Hyphomicrobiales	Alphaproteobacteria	Pseudomonadota	Pseudomonadati	Bacteria	NA	0.000343224	0	0	0	0	0	0	0	0	0	0	0	0	0	0	0	0	0.000343224	0	0	0	0	0	0	0	0	0	0	0	0	0	0	0	0	0	0
Methylosinus sporium	428	Methylosinus sporium	Methylosinus	Methylocystaceae	Hyphomicrobiales	Alphaproteobacteria	Pseudomonadota	Pseudomonadati	Bacteria	NA	0.006052913	0	0	0	0	0	0	0	0	0	0	0	0	0	0	0	0	0.006052913	0	0	0	0	0	0	0	0	0	0	0	0	0	0	0	0	0	0
Methylotenera versatilis	666681	Methylotenera versatilis 301	Methylotenera	Methylophilaceae	Nitrosomonadales	Betaproteobacteria	Pseudomonadota	Pseudomonadati	Bacteria	NA	5.23382E-05	0	0	0	5.23E-05	0	0	0	0	0	0	0	0	0	0	0	0	0	0	0	0	0	0	0	0	0	0	0	0	0	0	0	0	0	0	0
Microbacterium aurum	36805	Microbacterium aurum	Microbacterium	Microbacteriaceae	Micrococcales	Actinomycetes	Actinomycetota	Bacillati	Bacteria	NA	8.08538E-05	0	0	0	0	0	0	0	0	0	8.09E-05	0	0	0	0	0	0	0	0	0	0	0	0	0	0	0	0	0	0	0	0	0	0	0	0	0
Microbacterium laevaniformans	36807	Microbacterium laevaniformans	Microbacterium	Microbacteriaceae	Micrococcales	Actinomycetes	Actinomycetota	Bacillati	Bacteria	NA	0.000791452	0	0	0	0	0	0	0	0	0	0	0	0	0	0	0	0.000791452	0	0	0	0	0	0	0	0	0	0	0	0	0	0	0	0	0	0	0
Microvirga ossetica	1882682	Microvirga ossetica	Microvirga	Methylobacteriaceae	Hyphomicrobiales	Alphaproteobacteria	Pseudomonadota	Pseudomonadati	Bacteria	NA	0.000238714	0	0	0	0	0	0	0	0	0	0	0	0	0	0	0	0	0	0.000238714	0	0	0	0	0	0	0	0	0	0	0	0	0	0	0	0	0
Miltoncostaea oceani	2843216	Miltoncostaea oceani	Miltoncostaea	Miltoncostaeaceae	Miltoncostaeales	Thermoleophilia	Actinomycetota	Bacillati	Bacteria	NA	0.000562298	0.000452567	0	0	0	0	0	0	0	0	0.00010973	0	0	0	0	0	0	0	0	0	0	0	0	0	0	0	0	0	0	0	0	0	0	0	0	0
Mucilaginibacter sp. X5P1	2723088	Mucilaginibacter sp. X5P1	Mucilaginibacter	Sphingobacteriaceae	Sphingobacteriales	Sphingobacteriia	Bacteroidota	Pseudomonadati	Bacteria	NA	3.28014E-05	0	0	0	0	0	0	0	0	0	0	0	0	0	0	0	0	0	0	0	3.28E-05	0	0	0	0	0	0	0	0	0	0	0	0	0	0	0
Mycoavidus cysteinexigens	1553431	Mycoavidus cysteinexigens	Mycoavidus	Burkholderiaceae	Burkholderiales	Betaproteobacteria	Pseudomonadota	Pseudomonadati	Bacteria	NA	0.001248726	0.000836373	0	0	0	0	0	0	0	0	0	0	0	0	0	0	0	0	0	0	0	0	0	0	0	0	0	0	0	0	0	0	0	0.000412353	0	0
Mycolicibacterium celeriflavum	1249101	Mycolicibacterium celeriflavum	Mycolicibacterium	Mycobacteriaceae	Mycobacteriales	Actinomycetes	Actinomycetota	Bacillati	Bacteria	NA	5.67601E-05	0	0	0	0	0	0	0	0	0	0	0	0	0	0	0	0	0	5.68E-05	0	0	0	0	0	0	0	0	0	0	0	0	0	0	0	0	0
Mycoplasma iguanae	292461	Mycoplasma iguanae	Mycoplasma	Mycoplasmataceae	Mycoplasmatales	Mollicutes	Mycoplasmatota	Bacillati	Bacteria	NA	0.00028575	0	0	0	0	0	0	0	0	0	0	0.000260762	0	0	0	0	0	0	0	0	0	0	0	0	2.50E-05	0	0	0	0	0	0	0	0	0	0	0
Neisseria subflava	28449	Neisseria subflava	Neisseria	Neisseriaceae	Neisseriales	Betaproteobacteria	Pseudomonadota	Pseudomonadati	Bacteria	NA	0.000172718	0	0	0	0	0	0	0	0	0	0	0	0	0	0	0	0	0	0	0	0	0	0	0	0	0.000172718	0	0	0	0	0	0	0	0	0	0
Neobacillus drentensis	220684	Neobacillus drentensis	Neobacillus	Bacillaceae	Bacillales	Bacilli	Bacillota	Bacillati	Bacteria	NA	2.85703E-05	0	0	0	0	0	2.86E-05	0	0	0	0	0	0	0	0	0	0	0	0	0	0	0	0	0	0	0	0	0	0	0	0	0	0	0	0	0
Neobacillus sp. D3-1R	3445778	Neobacillus sp. D3-1R	Neobacillus	Bacillaceae	Bacillales	Bacilli	Bacillota	Bacillati	Bacteria	NA	0.000244582	0	0	0	0	0.000134053	0.000110528	0	0	0	0	0	0	0	0	0	0	0	0	0	0	0	0	0	0	0	0	0	0	0	0	0	0	0	0	0
Neotabrizicola shimadae	2807096	Neotabrizicola shimadae	Neotabrizicola	Paracoccaceae	Rhodobacterales	Alphaproteobacteria	Pseudomonadota	Pseudomonadati	Bacteria	NA	0.000126348	0	0	0	0	0	0	0	0	0	0	0	0	0	0	0	0	0	0.000126348	0	0	0	0	0	0	0	0	0	0	0	0	0	0	0	0	0
Niallia circulans	1397	Niallia circulans	Niallia	Bacillaceae	Bacillales	Bacilli	Bacillota	Bacillati	Bacteria	NA	0.001370674	0	0	0	0	0	0	0.001370674	0	0	0	0	0	0	0	0	0	0	0	0	0	0	0	0	0	0	0	0	0	0	0	0	0	0	0	0
Niallia oryzisoli	1737571	Niallia oryzisoli	Niallia	Bacillaceae	Bacillales	Bacilli	Bacillota	Bacillati	Bacteria	NA	0.000255731	0	0	0	0	0	0	0	0	0	0	0	0	0	0	0	0	0	0.000180655	0	0	0	0	0	0	0	0	0	0	0	0	0	0	0	7.51E-05	0
Niallia sp. Krafla_26	3064703	Niallia sp. Krafla_26	Niallia	Bacillaceae	Bacillales	Bacilli	Bacillota	Bacillati	Bacteria	NA	0.008651533	0	0	0	0	0	0.000650605	0.006051385	0	0	7.28E-05	0	0	0	0	0	0	0	0.000173932	0.000124625	0	0	0	0	0	0	0	0	7.05E-05	0	0	0	0.001286233	0	9.47E-05	0.000126723
Niallia sp. Man26	2912824	Niallia sp. Man26	Niallia	Bacillaceae	Bacillales	Bacilli	Bacillota	Bacillati	Bacteria	NA	0.004276982	0.00057869	0	0	0	0	0	0.003698292	0	0	0	0	0	0	0	0	0	0	0	0	0	0	0	0	0	0	0	0	0	0	0	0	0	0	0	0
Niallia tiangongensis	3237105	Niallia tiangongensis	Niallia	Bacillaceae	Bacillales	Bacilli	Bacillota	Bacillati	Bacteria	NA	0.004201634	0.00220634	0	0	0	0	0	0.001995293	0	0	0	0	0	0	0	0	0	0	0	0	0	0	0	0	0	0	0	0	0	0	0	0	0	0	0	0
Nitratidesulfovibrio liaohensis	2604158	Nitratidesulfovibrio liaohensis	Nitratidesulfovibrio	Desulfovibrionaceae	Desulfovibrionales	Desulfovibrionia	Thermodesulfobacteriota	Pseudomonadati	Bacteria	NA	0.000102849	0	0	0	0	0	0.000102849	0	0	0	0	0	0	0	0	0	0	0	0	0	0	0	0	0	0	0	0	0	0	0	0	0	0	0	0	0
Nitratidesulfovibrio vulgaris	573059	Nitratidesulfovibrio vulgaris RCH1	Nitratidesulfovibrio	Desulfovibrionaceae	Desulfovibrionales	Desulfovibrionia	Thermodesulfobacteriota	Pseudomonadati	Bacteria	NA	0.008658508	0	0	0.000799623	0.004050786	6.91E-05	7.68E-05	0.000343071	0	9.67E-05	0	0	0	0	0.000286894	0.000224041	0	0	4.29E-05	0	0	0	0.001675055	4.71E-05	0	0	0	0	0	0	0	0	0	0.000299201	0	0.000647243
Nitrosomonas sp. sh817	3070658	Nitrosomonas sp. sh817	Nitrosomonas	Nitrosomonadaceae	Nitrosomonadales	Betaproteobacteria	Pseudomonadota	Pseudomonadati	Bacteria	NA	0.000376286	0	0	0	0	0	0	0	0	0	0	0	0	0	0	0	0	0	0	0	0	0	0	0	0	0	0	0	0	0	0	0	0	0.000376286	0	0
Nitrosospira multiformis	323848	Nitrosospira multiformis ATCC 25196	Nitrosospira	Nitrosomonadaceae	Nitrosomonadales	Betaproteobacteria	Pseudomonadota	Pseudomonadati	Bacteria	NA	7.92818E-05	0	0	0	0	0	0	0	0	0	0	0	0	0	0	0	0	0	0	0	0	0	0	0	0	0	0	0	0	0	0	0	7.93E-05	0	0	0
Niveibacterium sp. SC-1	3135646	Niveibacterium sp. SC-1	Niveibacterium	Rhodocyclaceae	Rhodocyclales	Betaproteobacteria	Pseudomonadota	Pseudomonadati	Bacteria	NA	0.004795836	0.0038635	0	0	0	0	0	0	0	0	0	0	0	0	0	0	0	0	0	0	0.000149419	0.00010613	0	0	0	0	0	0	0	0	0	0	0	0.000676787	0	0
Nocardia salmonicida	53431	Nocardia salmonicida	Nocardia	Nocardiaceae	Mycobacteriales	Actinomycetes	Actinomycetota	Bacillati	Bacteria	NA	0.000109466	0	0	0	0	0	0	0	0	0	0	0	0	0	0	0	0	0	0.000109466	0	0	0	0	0	0	0	0	0	0	0	0	0	0	0	0	0
Nocardioides sp. InS609-2	2760705	Nocardioides sp. InS609-2	Nocardioides	Nocardioidaceae	Propionibacteriales	Actinomycetes	Actinomycetota	Bacillati	Bacteria	NA	8.10859E-05	0	0	0	0	0	0	0	0	0	0	0	0	0	0	0	0	0	8.11E-05	0	0	0	0	0	0	0	0	0	0	0	0	0	0	0	0	0
Nocardioides sp. N13(2025)	3453405	Nocardioides sp. N13(2025)	Nocardioides	Nocardioidaceae	Propionibacteriales	Actinomycetes	Actinomycetota	Bacillati	Bacteria	NA	0.000105412	0	0	0	0	0	0	0	0	0	0	0	0	0	0	0	0	0	0.000105412	0	0	0	0	0	0	0	0	0	0	0	0	0	0	0	0	0
Novosphingobium sp. BL-8H	3127640	Novosphingobium sp. BL-8H	Novosphingobium	Sphingomonadaceae	Sphingomonadales	Alphaproteobacteria	Pseudomonadota	Pseudomonadati	Bacteria	NA	7.41458E-05	0	0	0	7.41E-05	0	0	0	0	0	0	0	0	0	0	0	0	0	0	0	0	0	0	0	0	0	0	0	0	0	0	0	0	0	0	0
Obesumbacterium proteus	82983	Obesumbacterium proteus	Obesumbacterium	Hafniaceae	Enterobacterales	Gammaproteobacteria	Pseudomonadota	Pseudomonadati	Bacteria	pathogen	0.006832029	0	0	0	0	0	0	0	0	0	0	0	0	0	0	0	0	0	0	0	0	0	0	0	0.006741385	0	0	0	9.06E-05	0	0	0	0	0	0	0
Oleidesulfovibrio alaskensis	207559	Oleidesulfovibrio alaskensis G20	Oleidesulfovibrio	Desulfovibrionaceae	Desulfovibrionales	Desulfovibrionia	Thermodesulfobacteriota	Pseudomonadati	Bacteria	NA	0.002562176	0	0	0.001245392	0.000455276	0.000113598	0.00035372	0	0	0	0	0	0	0	0	0	0	0	8.97E-05	0	0	0	0.00018177	0	0	0	0	0	0	0	0	0	0	0	0	0.000122735
Orrella daihaiensis	2782176	Orrella daihaiensis	Orrella	Alcaligenaceae	Burkholderiales	Betaproteobacteria	Pseudomonadota	Pseudomonadati	Bacteria	NA	0.000283495	0	0	0	0	0	0	0	0	0	0	0	0	0	0	0	0	0	0.000121614	0	0	0	0	0	0	0	0	0	0	0	0	0	0	0.000161881	0	0
Orrella marina	2163011	Orrella marina	Orrella	Alcaligenaceae	Burkholderiales	Betaproteobacteria	Pseudomonadota	Pseudomonadati	Bacteria	NA	0.000434981	0	0	0	0	0	0	0	0	0	0	0	0	0	0	0	0	0.000434981	0	0	0	0	0	0	0	0	0	0	0	0	0	0	0	0	0	0
Owariibacterium komagatae	3136601	Owariibacterium komagatae	Owariibacterium	Oscillospiraceae	Eubacteriales	Clostridia	Bacillota	Bacillati	Bacteria	NA	0.000525038	0	0	0.000383967	0	0	0	0	0	0	0	0	0	0	0	0	0	0	0	0	0	3.20E-05	0	6.06E-05	0	0	0	0	0	0	0	4.85E-05	0	0	0	0
Oxalobacter vibrioformis	933080	Oxalobacter vibrioformis	Oxalobacter	Oxalobacteraceae	Burkholderiales	Betaproteobacteria	Pseudomonadota	Pseudomonadati	Bacteria	NA	0.000348024	0	0	0	0	0	0	0	0	0	0	0	0	0	0	0	0	0	0	0	0	0	0	0	0	0	0	0	0	0	0	0	0	0.000348024	0	0
Paenalcaligenes faecalis	2980099	Paenalcaligenes faecalis	Paenalcaligenes	Alcaligenaceae	Burkholderiales	Betaproteobacteria	Pseudomonadota	Pseudomonadati	Bacteria	NA	0.000516362	0	0	0	0	0	0	0	0	0	0	0	0	0	0	0	0	0.000516362	0	0	0	0	0	0	0	0	0	0	0	0	0	0	0	0	0	0
Paenibacillus andongensis	2975482	Paenibacillus andongensis	Paenibacillus	Paenibacillaceae	Bacillales	Bacilli	Bacillota	Bacillati	Bacteria	NA	0.00019866	0	0	0	0	0	0	0	0	0	0	0	0	0	0	0	0	0	0.00019866	0	0	0	0	0	0	0	0	0	0	0	0	0	0	0	0	0
Paenibacillus polymyxa	1406	Paenibacillus polymyxa	Paenibacillus	Paenibacillaceae	Bacillales	Bacilli	Bacillota	Bacillati	Bacteria	NA	5.83958E-05	0	0	5.84E-05	0	0	0	0	0	0	0	0	0	0	0	0	0	0	0	0	0	0	0	0	0	0	0	0	0	0	0	0	0	0	0	0
Paludihabitans sp. MB14-C6	3070656	Paludihabitans sp. MB14-C6	Paludihabitans	Oscillospiraceae	Eubacteriales	Clostridia	Bacillota	Bacillati	Bacteria	NA	4.55905427	0.004908616	0	0.561272968	0.575310322	0.001238822	0.000320066	0	0	0	0	0	0.939753482	0	0	0.000277271	0	0.003712952	0.004994892	0.000575296	0.000249032	0.47952681	0.034381562	0.352656384	0.671738025	0.114874602	0	0	0.00021013	0	0.000190941	0.787875559	0	0.024986536	0	0
Paraburkholderia acidisoli	2571748	Paraburkholderia acidisoli	Paraburkholderia	Burkholderiaceae	Burkholderiales	Betaproteobacteria	Pseudomonadota	Pseudomonadati	Bacteria	NA	0.001143761	0.000892114	0	0	0	0	0	0	0	0	0	0	0	0	0	0	0	0	0	0	0	0	0	0	0	0	0	0	0	0	0	0	0	0.000251648	0	0
Paraburkholderia sp. D15	2880218	Paraburkholderia sp. D15	Paraburkholderia	Burkholderiaceae	Burkholderiales	Betaproteobacteria	Pseudomonadota	Pseudomonadati	Bacteria	NA	0.000812116	0.000551893	0	0	0	0	0	0	0	0	0	0	0	0	0	0	0	0	0	0	0	0	0	0	0	0	0	0	0	0	0	0	0	0.000260223	0	0
Paraclostridium bifermentans	1490	Paraclostridium bifermentans	Paraclostridium	Peptostreptococcaceae	Peptostreptococcales	Clostridia	Bacillota	Bacillati	Bacteria	NA	4.52746E-05	0	0	0	0	0	0	0	0	0	0	0	0	0	0	0	0	0	0	0	0	0	0	0	4.53E-05	0	0	0	0	0	0	0	0	0	0	0
Paraclostridium sordellii	1505	Paraclostridium sordellii	Paraclostridium	Peptostreptococcaceae	Peptostreptococcales	Clostridia	Bacillota	Bacillati	Bacteria	NA	9.36702E-05	0	0	0	0	0	0	0	0	0	9.37E-05	0	0	0	0	0	0	0	0	0	0	0	0	0	0	0	0	0	0	0	0	0	0	0	0	0
Paragemmobacter aquarius	2169400	Paragemmobacter aquarius	Paragemmobacter	Paracoccaceae	Rhodobacterales	Alphaproteobacteria	Pseudomonadota	Pseudomonadati	Bacteria	NA	0.000115879	0	0	0	0	0	0	0.000115879	0	0	0	0	0	0	0	0	0	0	0	0	0	0	0	0	0	0	0	0	0	0	0	0	0	0	0	0
Paralcaligenes sp. KSB-10	2901142	Paralcaligenes sp. KSB-10	Paralcaligenes	Alcaligenaceae	Burkholderiales	Betaproteobacteria	Pseudomonadota	Pseudomonadati	Bacteria	NA	0.000334172	0	0	0	0	0	0	0	0	0	0	0	0	0	0	0	0	0.000334172	0	0	0	0	0	0	0	0	0	0	0	0	0	0	0	0	0	0
Parapusillimonas sp. JC17	3445768	Parapusillimonas sp. JC17	Parapusillimonas	Alcaligenaceae	Burkholderiales	Betaproteobacteria	Pseudomonadota	Pseudomonadati	Bacteria	NA	0.001042421	0	0	0	0	0	0	0	0	0	0	0	0	0	0	6.06E-05	0	0.000403897	0	0	0	0	0	0	0	0	0	0	0.000152308	0	0	0	0	0.000425619	0	0
Pectobacterium sp. F1-1	2949614	Pectobacterium sp. F1-1	Pectobacterium	Pectobacteriaceae	Enterobacterales	Gammaproteobacteria	Pseudomonadota	Pseudomonadati	Bacteria	NA	2.97583E-05	0	0	0	0	0	0	0	0	0	0	0	0	0	0	0	0	0	0	0	0	0	0	2.98E-05	0	0	0	0	0	0	0	0	0	0	0	0
Pelosinus fermentans	1192197	Pelosinus fermentans JBW45	Pelosinus	Sporomusaceae	Selenomonadales	Negativicutes	Bacillota	Bacillati	Bacteria	NA	0.000117575	0	0	0	0	0	0	0	0	0	0	0	0	0	0	0	0	0	0.000117575	0	0	0	0	0	0	0	0	0	0	0	0	0	0	0	0	0
Peribacillus butanolivorans	421767	Peribacillus butanolivorans	Peribacillus	Bacillaceae	Bacillales	Bacilli	Bacillota	Bacillati	Bacteria	NA	0.000357582	0	0	0	0	0	0.000127872	0.000109511	0	0	0	0	0	0	0	0	0	0	0	0	0	0	0	0	0	0	0	0	0	0	0	0	0.000120199	0	0	0
Peribacillus frigoritolerans	450367	Peribacillus frigoritolerans	Peribacillus	Bacillaceae	Bacillales	Bacilli	Bacillota	Bacillati	Bacteria	NA	0.000577904	0	0	0	0	0	0.00017208	0.000405824	0	0	0	0	0	0	0	0	0	0	0	0	0	0	0	0	0	0	0	0	0	0	0	0	0	0	0	0
Peribacillus simplex	1349754	Peribacillus simplex NBRC 15720 = DSM 1321	Peribacillus	Bacillaceae	Bacillales	Bacilli	Bacillota	Bacillati	Bacteria	NA	0.001739701	0	0	0	0	0	0.000210264	0.00132898	0	0	0	0	0	0	0	0	0	0	0	0	0	0	0	0	0	0	0	0	0	0	0	0	0.000200457	0	0	0
Peribacillus sp. B-H-3	3400420	Peribacillus sp. B-H-3	Peribacillus	Bacillaceae	Bacillales	Bacilli	Bacillota	Bacillati	Bacteria	NA	8.75054E-05	0	0	0	0	0	0	8.75E-05	0	0	0	0	0	0	0	0	0	0	0	0	0	0	0	0	0	0	0	0	0	0	0	0	0	0	0	0
Peribacillus sp. R9-11	3073271	Peribacillus sp. R9-11	Peribacillus	Bacillaceae	Bacillales	Bacilli	Bacillota	Bacillati	Bacteria	NA	0.082833008	0	0	0	0.000162863	0	0.009091664	0.05160428	0	0	0.001352066	0	0	0.000561662	9.55E-05	0	0	0	0.001908315	0.001279893	0.000344263	0	0	0	0	0	0	0	0.000412577	0	0	0	0.014288258	0	0.000920032	0.000811621
Phosphitispora sp. TUW77	3152361	Phosphitispora sp. TUW77	Phosphitispora	Peptococcaceae	Eubacteriales	Clostridia	Bacillota	Bacillati	Bacteria	NA	0.000198598	0	0	0.000198598	0	0	0	0	0	0	0	0	0	0	0	0	0	0	0	0	0	0	0	0	0	0	0	0	0	0	0	0	0	0	0	0
Photobacterium phosphoreum	659	Photobacterium phosphoreum	Photobacterium	Vibrionaceae	Vibrionales	Gammaproteobacteria	Pseudomonadota	Pseudomonadati	Bacteria	pathogen	0.000183184	0	0	0	0.000183184	0	0	0	0	0	0	0	0	0	0	0	0	0	0	0	0	0	0	0	0	0	0	0	0	0	0	0	0	0	0	0
Phreatobacter stygius	1940610	Phreatobacter stygius	Phreatobacter	Phreatobacteraceae	Hyphomicrobiales	Alphaproteobacteria	Pseudomonadota	Pseudomonadati	Bacteria	NA	0.003076353	0	0	0	0	0	0	0	0	0	0	0	0	0	0	0	0	0	0	0	0	0	0	0	0	0	0	0	0	0.003036799	0	0	0	0	3.96E-05	0
Pigmentiphaga sp. CHJ604	3081984	Pigmentiphaga sp. CHJ604	Pigmentiphaga	Alcaligenaceae	Burkholderiales	Betaproteobacteria	Pseudomonadota	Pseudomonadati	Bacteria	NA	0.001418975	0	0	0	0	0	0	0	0	0	0	0	0	0	0	0	0	0	0	0	0	0	0	0	0	0	0	0	0.000253499	0	0	0	0	0.001165476	0	0
Pigmentiphaga sp. H8	2488560	Pigmentiphaga sp. H8	Pigmentiphaga	Alcaligenaceae	Burkholderiales	Betaproteobacteria	Pseudomonadota	Pseudomonadati	Bacteria	NA	0.000230283	0	0	0	0	0	0	0	0	0	0	0	0	0	0	0	0	0.000230283	0	0	0	0	0	0	0	0	0	0	0	0	0	0	0	0	0	0
Piscinibacter gummiphilus	946333	Piscinibacter gummiphilus	Piscinibacter	Sphaerotilaceae	Burkholderiales	Betaproteobacteria	Pseudomonadota	Pseudomonadati	Bacteria	NA	0.006980877	0	0	0	0	0	0	0	0	0	0	0	0	0	0	0	0	0.005732277	0	0	0	0	0	0	0	0	0	0	0	0.0012486	0	0	0	0	0	0
Planctellipticum variicoloris	3064265	Planctellipticum variicoloris	Planctellipticum	Planctomycetaceae	Planctomycetales	Planctomycetia	Planctomycetota	Pseudomonadati	Bacteria	NA	0.000238294	0	0	0	0	0	0	0	0	0	0	0	0	0.000116665	0	0	0	0	0.000121629	0	0	0	0	0	0	0	0	0	0	0	0	0	0	0	0	0
Planctomyces sp. SH-PL14	1632864	Planctomyces sp. SH-PL14	Planctomyces	Planctomycetaceae	Planctomycetales	Planctomycetia	Planctomycetota	Pseudomonadati	Bacteria	NA	0.000117575	0	0	0	0	0	0	0	0	0	0	0	0	0	0	0	0	0	0.000117575	0	0	0	0	0	0	0	0	0	0	0	0	0	0	0	0	0
Planctomyces sp. SH-PL62	1636152	Planctomyces sp. SH-PL62	Planctomyces	Planctomycetaceae	Planctomycetales	Planctomycetia	Planctomycetota	Pseudomonadati	Bacteria	NA	9.73031E-05	0	0	0	0	0	0	0	0	0	0	0	0	0	0	0	0	0	9.73E-05	0	0	0	0	0	0	0	0	0	0	0	0	0	0	0	0	0
Plesiomonas shigelloides	703	Plesiomonas shigelloides	Plesiomonas	Enterobacteriaceae	Enterobacterales	Gammaproteobacteria	Pseudomonadota	Pseudomonadati	Bacteria	pathogen	0.045792091	0	0	3.80E-05	0	0	0.00938421	0.001063981	0	4.90E-05	0	5.66E-05	0	0.007687404	0	0	0	0	0.001950116	0	0	0	0.001099214	9.29E-05	0	0	0	0	0	0	0	0	0.007514004	0	8.70E-05	0.01676966
Pleurocapsa sp. FMAR1	3040204	Pleurocapsa sp. FMAR1	Pleurocapsa	Hyellaceae	Pleurocapsales	Cyanophyceae	Cyanobacteriota	Bacillati	Bacteria	NA	0.002655465	0	0	0	0	0	0	0	0	0	0	0	0	0	0	0	0	0	0.002655465	0	0	0	0	0	0	0	0	0	0	0	0	0	0	0	0	0
Polaromonas sp.	1869339	Polaromonas sp.	Polaromonas	Comamonadaceae	Burkholderiales	Betaproteobacteria	Pseudomonadota	Pseudomonadati	Bacteria	NA	5.4614E-05	0	0	0	0	0	0	0	0	0	0	0	0	0	0	5.46E-05	0	0	0	0	0	0	0	0	0	0	0	0	0	0	0	0	0	0	0	0
Pollutimonas sp. M17	2962065	Pollutimonas sp. M17	Pollutimonas	Alcaligenaceae	Burkholderiales	Betaproteobacteria	Pseudomonadota	Pseudomonadati	Bacteria	NA	0.000376644	0	0	0	0	0	0	0	0	0	0	0	0	0	0	0	0	0	0	0	0	0	0	0	0	0	0	0	9.80E-05	0	0	0	0	0.000278647	0	0
Polymorphobacter sp.	1909290	Polymorphobacter sp.	Polymorphobacter	Sphingosinicellaceae	Sphingomonadales	Alphaproteobacteria	Pseudomonadota	Pseudomonadati	Bacteria	NA	0.000266497	0	5.97E-05	0	0	0	0	0	0	0	0	0	0	0	0	0	0	0	0.000206769	0	0	0	0	0	0	0	0	0	0	0	0	0	0	0	0	0
Polynucleobacter difficilis	556054	Polynucleobacter difficilis	Polynucleobacter	Burkholderiaceae	Burkholderiales	Betaproteobacteria	Pseudomonadota	Pseudomonadati	Bacteria	NA	3.67316E-05	0	0	0	0	0	0	0	0	3.67E-05	0	0	0	0	0	0	0	0	0	0	0	0	0	0	0	0	0	0	0	0	0	0	0	0	0	0
Porphyrobacter sp. ULC335	2854260	Porphyrobacter sp. ULC335	Porphyrobacter	Erythrobacteraceae	Sphingomonadales	Alphaproteobacteria	Pseudomonadota	Pseudomonadati	Bacteria	NA	0.000403913	0	0	0	0	0	0	0	0	0	0	0	0	0	0	0	0	0	0	0	0	0	0	0	0	0	0	0	0	0	0	0	0	0.000403913	0	0
Priestia flexa	86664	Priestia flexa	Priestia	Bacillaceae	Bacillales	Bacilli	Bacillota	Bacillati	Bacteria	NA	0.10138544	0	0	0	0.001659223	0.000408211	0.001490036	0.097074611	0	0	0.000316809	0	0	0	0	0	0	0	9.42E-05	5.11E-05	0	5.68E-05	0	0	0	0	0	0	0	0	0	0	0.000164559	0	0	6.99E-05
Priestia megaterium	1404	Priestia megaterium	Priestia	Bacillaceae	Bacillales	Bacilli	Bacillota	Bacillati	Bacteria	NA	0.051934938	0	0	0	0.000301957	5.24E-05	0.001181146	0.047618373	0	0	0.000246852	0	0	0.000238684	0	0	0	0	0.000253532	0.000271237	0.000106898	0	0	0	0	0	0	0	0	0	0	0	0.001397352	0	0.000147402	0.000119136
Pseudogulbenkiania sp. NH8B	748280	Pseudogulbenkiania sp. NH8B	Pseudogulbenkiania	Chromobacteriaceae	Neisseriales	Betaproteobacteria	Pseudomonadota	Pseudomonadati	Bacteria	NA	0.016593777	0.00120313	9.49E-05	0	0	0	0	0.002182172	0	0	0	0	0	0.000187498	0	0	0	0	9.32E-05	0	0	0	9.85E-05	0	0	4.74E-05	0	0	0.00041614	0	0	0	0	0	0.012270799	0
Pseudomonas siliginis	2842346	Pseudomonas siliginis	Pseudomonas	Pseudomonadaceae	Pseudomonadales	Gammaproteobacteria	Pseudomonadota	Pseudomonadati	Bacteria	NA	0.000483824	0	0	0	0	0	0	0	0	0.000208146	0	0	0	0	0	0	0	0	0.000206769	0	0	0	0	0	0	0	0	0	0	0	0	0	0	0	0	6.89E-05
Pusillimonas sp. T7-7	1007105	Pusillimonas sp. T7-7	Pusillimonas	Alcaligenaceae	Burkholderiales	Betaproteobacteria	Pseudomonadota	Pseudomonadati	Bacteria	NA	0.01145058	0	0	0	5.38E-05	7.53E-05	0	0	0.000376354	0	0	0	0	0.000116676	0	8.97E-05	0	0.000551606	0.000159527	0	0	0	0.000119833	0	0	0	0	0	0.001206085	0.006043545	0	0	0	0.002562781	9.54E-05	0
Reyranella sp.	1929291	Reyranella sp.	Reyranella	Reyranellaceae	Hyphomicrobiales	Alphaproteobacteria	Pseudomonadota	Pseudomonadati	Bacteria	NA	0.000149259	0	0	0	0	0	0	0	0	3.98E-05	0	0	0	0	0	0	0	0	0.000109466	0	0	0	0	0	0	0	0	0	0	0	0	0	0	0	0	0
Rheinheimera sp. MM224	3019969	Rheinheimera sp. MM224	Rheinheimera	Chromatiaceae	Chromatiales	Gammaproteobacteria	Pseudomonadota	Pseudomonadati	Bacteria	NA	0.000185321	0	0	0	0	0	0	0	0	0.000128561	0	0	0	0	0	0	0	0	5.68E-05	0	0	0	0	0	0	0	0	0	0	0	0	0	0	0	0	0
Rhizobium daejeonense	240521	Rhizobium daejeonense	Rhizobium	Rhizobiaceae	Hyphomicrobiales	Alphaproteobacteria	Pseudomonadota	Pseudomonadati	Bacteria	NA	8.42221E-05	0	0	0	0	0	0	0	0	0	0	0	0	0	0	0	0	0	0	0	0	0	0	0	0	0	0	0	0	0	0	0	0	0	0	8.42E-05
Rhodoferax saidenbachensis	1484693	Rhodoferax saidenbachensis	Rhodoferax	Comamonadaceae	Burkholderiales	Betaproteobacteria	Pseudomonadota	Pseudomonadati	Bacteria	NA	0.000201957	0	0	0	0	0	0	0	0	0	0	0	0	0	0	0	0	0	0	0	0	0	0	0	0	0	0	0	0	0	0	0	0	0.000201957	0	0
Rhodoferax sediminis	2509614	Rhodoferax sediminis	Rhodoferax	Comamonadaceae	Burkholderiales	Betaproteobacteria	Pseudomonadota	Pseudomonadati	Bacteria	NA	0.000239203	0	0	0	0	0	0	0	0	0	0	0	0	0	0	0	0	0	0.000239203	0	0	0	0	0	0	0	0	0	0	0	0	0	0	0	0	0
Rhodoferax sp. GW822-FHT02A01	3141537	Rhodoferax sp. GW822-FHT02A01	Rhodoferax	Comamonadaceae	Burkholderiales	Betaproteobacteria	Pseudomonadota	Pseudomonadati	Bacteria	NA	0.00057035	0	0	0	0	0	0	0	0	0	0	0	0	0	0	0	0	0	0	0	0	0	0.00057035	0	0	0	0	0	0	0	0	0	0	0	0	0
Rhodovastum atsumiense	504468	Rhodovastum atsumiense	Rhodovastum	Acetobacteraceae	Acetobacterales	Alphaproteobacteria	Pseudomonadota	Pseudomonadati	Bacteria	NA	7.29773E-05	0	0	0	0	0	0	0	0	0	0	0	0	0	0	0	0	0	7.30E-05	0	0	0	0	0	0	0	0	0	0	0	0	0	0	0	0	0
Rivularia sp. PCC 7116	373994	Rivularia sp. PCC 7116	Rivularia	Rivulariaceae	Nostocales	Cyanophyceae	Cyanobacteriota	Bacillati	Bacteria	NA	0.000233912	0	0	0	0	0	0	0	0	0	0	0	0	0	0	0	0	0	0.000233912	0	0	0	0	0	0	0	0	0	0	0	0	0	0	0	0	0
Romboutsia sp. CE17	2724150	Romboutsia sp. CE17	Romboutsia	Peptostreptococcaceae	Peptostreptococcales	Clostridia	Bacillota	Bacillati	Bacteria	NA	0.001809237	0	0	0	0	0	0	0	0	0	0.001028244	0	0	0	0	0	0	0	0.00024683	0	0	0	0	0	0	5.42E-05	0	0	0	0	0	0	0.000205666	0	0	0.00027431
Roseateles chitinivorans	2917965	Roseateles chitinivorans	Roseateles	Sphaerotilaceae	Burkholderiales	Betaproteobacteria	Pseudomonadota	Pseudomonadati	Bacteria	NA	0.006268771	0	0	0	0	0	0	0	0	0	0	0	0	0	0	0	0	0	0	0	0	0	0	0	0	0	0	0	0	0.006268771	0	0	0	0	0	0
Roseateles sp.	1971397	Roseateles sp.	Roseateles	Sphaerotilaceae	Burkholderiales	Betaproteobacteria	Pseudomonadota	Pseudomonadati	Bacteria	NA	3.06097E-05	0	0	0	0	0	0	0	0	3.06E-05	0	0	0	0	0	0	0	0	0	0	0	0	0	0	0	0	0	0	0	0	0	0	0	0	0	0
Roseateles sp. UC29_93	3350177	Roseateles sp. UC29_93	Roseateles	Sphaerotilaceae	Burkholderiales	Betaproteobacteria	Pseudomonadota	Pseudomonadati	Bacteria	NA	0.004272554	0	0	0	0	0	0	0	0	0	0	0	0	0	0	0	0	0	0	0	0	0	0	0	0	0	0	0	0	0.004272554	0	0	0	0	0	0
Roseimicrobium sp. ORNL1	2711231	Roseimicrobium sp. ORNL1	Roseimicrobium	Verrucomicrobiaceae	Verrucomicrobiales	Verrucomicrobiia	Verrucomicrobiota	Pseudomonadati	Bacteria	NA	8.10859E-05	0	0	0	0	0	0	0	0	0	0	0	0	0	0	0	0	0	8.11E-05	0	0	0	0	0	0	0	0	0	0	0	0	0	0	0	0	0
Roseomonas gilardii	204527	Roseomonas gilardii subsp. gilardii	Roseomonas	Roseomonadaceae	Acetobacterales	Alphaproteobacteria	Pseudomonadota	Pseudomonadati	Bacteria	NA	6.72426E-05	0	0	0	0	0	0	0	0	0	0	0	0	0	0	0	0	0	0	0	0	0	0	0	0	0	0	0	0	0	0	0	0	0	6.72E-05	0
Rossellomorea marisflavi	189381	Rossellomorea marisflavi	Rossellomorea	Bacillaceae	Bacillales	Bacilli	Bacillota	Bacillati	Bacteria	NA	0.178979424	0	0	4.23E-05	0.00044053	0	0.015058232	0.125365584	0	0	0.002694705	0	0	0.001035106	0.000125903	0	0	0	0.00294614	0.003042574	0.000654952	0	0	0	0	0	0	0	0.000966774	0	0	0	0.023753694	0	0.001661257	0.001191717
Rossellomorea sedimentorum	3115294	Rossellomorea sedimentorum	Rossellomorea	Bacillaceae	Bacillales	Bacilli	Bacillota	Bacillati	Bacteria	NA	0.000110757	0	0	0	0	0	0	0.000110757	0	0	0	0	0	0	0	0	0	0	0	0	0	0	0	0	0	0	0	0	0	0	0	0	0	0	0	0
Rossellomorea sp. FM04394	3243076	Rossellomorea sp. FM04394	Rossellomorea	Bacillaceae	Bacillales	Bacilli	Bacillota	Bacillati	Bacteria	NA	0.003150106	0	0	0	0	0	0.000428077	0.002127549	0	0	0	0	0	0	0	0	0	0	7.95E-05	0.000109303	0	0	0	0	0	0	0	0	0	0	0	0	0.000405659	0	0	0
Rossellomorea vietnamensis	218284	Rossellomorea vietnamensis	Rossellomorea	Bacillaceae	Bacillales	Bacilli	Bacillota	Bacillati	Bacteria	NA	0.000420389	0	0	0	0	0	9.79E-05	0.000322466	0	0	0	0	0	0	0	0	0	0	0	0	0	0	0	0	0	0	0	0	0	0	0	0	0	0	0	0
Serratia marcescens	615	Serratia marcescens	Serratia	Yersiniaceae	Enterobacterales	Gammaproteobacteria	Pseudomonadota	Pseudomonadati	Bacteria	pathogen	8.03977E-05	0	0	0	0	0	0	0	0	0	0	0	0	0	0	0	0	0	0	0	0	0	0	8.04E-05	0	0	0	0	0	0	0	0	0	0	0	0
Shewanella baltica	62322	Shewanella baltica	Shewanella	Shewanellaceae	Alteromonadales	Gammaproteobacteria	Pseudomonadota	Pseudomonadati	Bacteria	pathogen	0.010706161	0	0	0	0	0	0	0.000200155	0	0	0	0	0	0	0	0	0	0	6.39E-05	0	0	0	0	0.005490904	0	0	0.0049512	0	0	0	0	0	0	0	0	0
Shewanella oncorhynchi	2726434	Shewanella oncorhynchi	Shewanella	Shewanellaceae	Alteromonadales	Gammaproteobacteria	Pseudomonadota	Pseudomonadati	Bacteria	NA	0.04911444	0	0	0	0.000498176	0	0	0	0	0.000493066	0	0	8.15E-05	0.001079153	0	0	0	0	0.001935796	0	0	0	0	0.019942184	0	0	0.021556532	0.000243882	0.000193649	0	6.05E-05	0	0.003030057	0	0	0
Shewanella putrefaciens	24	Shewanella putrefaciens	Shewanella	Shewanellaceae	Alteromonadales	Gammaproteobacteria	Pseudomonadota	Pseudomonadati	Bacteria	pathogen	0.006211381	0	0	0	6.74E-05	0	0	0	0	0	0	0	0.000234227	0	0	0	0	0	0.000190579	0	0	0	0	0.002148016	0	0	0.002899812	0	0	0	5.23E-05	0	0.000619028	0	0	0
Shewanella sp. ANA-3	94122	Shewanella sp. ANA-3	Shewanella	Shewanellaceae	Alteromonadales	Gammaproteobacteria	Pseudomonadota	Pseudomonadati	Bacteria	NA	6.14711E-05	0	0	0	0	0	0	0	0	0	0	0	0	0	0	0	0	0	0	0	0	0	0	6.15E-05	0	0	0	0	0	0	0	0	0	0	0	0
Shewanella sp. JNE10-2	2989725	Shewanella sp. JNE10-2	Shewanella	Shewanellaceae	Alteromonadales	Gammaproteobacteria	Pseudomonadota	Pseudomonadati	Bacteria	NA	0.000197484	0	0	0	0.000197484	0	0	0	0	0	0	0	0	0	0	0	0	0	0	0	0	0	0	0	0	0	0	0	0	0	0	0	0	0	0	0
Shewanella sp. SNU WT4	2590015	Shewanella sp. SNU WT4	Shewanella	Shewanellaceae	Alteromonadales	Gammaproteobacteria	Pseudomonadota	Pseudomonadati	Bacteria	NA	0.327996698	0	0	0	0.000950811	0	0	0	0	0	0	0	0	0	0	0	0	0	0	0	0.013450086	0.215247234	0.096777539	0	0.001571028	0	0	0	0	0	0	0	0	0	0	0
Shewanella sp. WE21	2029986	Shewanella sp. WE21	Shewanella	Shewanellaceae	Alteromonadales	Gammaproteobacteria	Pseudomonadota	Pseudomonadati	Bacteria	NA	0.032333237	0	0	0	5.26E-05	0	0	0	0	0.000119127	0	0	0	0	0	0	0	0	4.36E-05	0	0	0	0	0.027220058	0	0	0.000793894	0	0	0	0	0	0.004103947	0	0	0
Shewanella xiamenensis	332186	Shewanella xiamenensis	Shewanella	Shewanellaceae	Alteromonadales	Gammaproteobacteria	Pseudomonadota	Pseudomonadati	Bacteria	pathogen	9.41638E-05	0	0	0	0	0	0	0	0	0	0	0	0	0	0	0	0	0	0	0	0	0	0	4.32E-05	0	0	0	0	0	0	0	5.09E-05	0	0	0	0
Shinella sp. HZN7	879274	Shinella sp. HZN7	Shinella	Rhizobiaceae	Hyphomicrobiales	Alphaproteobacteria	Pseudomonadota	Pseudomonadati	Bacteria	NA	0.000212635	0	0	0	0	0	0	0	0	0	0	0	0	0	0	0	0	0	0.000212635	0	0	0	0	0	0	0	0	0	0	0	0	0	0	0	0	0
Shouchella clausii	79880	Shouchella clausii	Shouchella	Bacillaceae	Bacillales	Bacilli	Bacillota	Bacillati	Bacteria	NA	6.48687E-05	0	0	0	0	0	0	0	0	0	0	0	0	0	0	0	0	0	6.49E-05	0	0	0	0	0	0	0	0	0	0	0	0	0	0	0	0	0
Sphingomonas leidyi	68569	Sphingomonas leidyi	Sphingomonas	Sphingomonadaceae	Sphingomonadales	Alphaproteobacteria	Pseudomonadota	Pseudomonadati	Bacteria	NA	0.001604408	0	0	0	0	0	0	0.000805887	0	0	0	0	0	0	0	0	0	0.000694821	0	0	0	0	0.000103699	0	0	0	0	0	0	0	0	0	0	0	0	0
Sporosarcina sp. UB5	3047463	Sporosarcina sp. UB5	Sporosarcina	Caryophanaceae	Bacillales	Bacilli	Bacillota	Bacillati	Bacteria	NA	0.002106177	0	0	0	0	0	0	0	0	0	0	0	0	0	0	0	0	0.002106177	0	0	0	0	0	0	0	0	0	0	0	0	0	0	0	0	0	0
Staphylococcus epidermidis	1282	Staphylococcus epidermidis	Staphylococcus	Staphylococcaceae	Bacillales	Bacilli	Bacillota	Bacillati	Bacteria	NA	0.011805145	0.000661445	0	0	0	0	0	0	0.000197598	0	0	0	0	0	0	0	0	0.001150798	0	0	0	0	0	0	0	0	0.000149001	0	0	0.009646302	0	0	0	0	0	0
Staphylococcus hominis	1290	Staphylococcus hominis	Staphylococcus	Staphylococcaceae	Bacillales	Bacilli	Bacillota	Bacillati	Bacteria	NA	0.000498014	0	0	0	0	0	0	0	0	0	0	0	0	0	0	0.000331885	0	0	0	0	0	0	0	0	0	0	0	0	0	0	0	0	0	0	0.000166129	0
Staphylococcus warneri	1292	Staphylococcus warneri	Staphylococcus	Staphylococcaceae	Bacillales	Bacilli	Bacillota	Bacillati	Bacteria	NA	0.001042232	0	0	0	0	0	0	0	0	0	0	0	0	0	0	0	0	0.001042232	0	0	0	0	0	0	0	0	0	0	0	0	0	0	0	0	0	0
Streptococcus thermophilus	1308	Streptococcus thermophilus	Streptococcus	Streptococcaceae	Lactobacillales	Bacilli	Bacillota	Bacillati	Bacteria	NA	0.027638933	0.001671018	0	0	0	6.10E-05	0	0	0.002317289	0	0	0	0	0.000133332	0	0	0	0	0	0	0	0	0	0	0	0	0	0.001126903	0	0.022329403	0	0	0	0	0	0
Tabrizicola piscis	2494374	Tabrizicola piscis	Tabrizicola	Paracoccaceae	Rhodobacterales	Alphaproteobacteria	Pseudomonadota	Pseudomonadati	Bacteria	NA	0.000487383	0	0	0	0	0	0	0	0	0	0	0	0	0	0	0	0	0	0	0	0	0	0.000487383	0	0	0	0	0	0	0	0	0	0	0	0	0
Tabrizicola sp.	2005166	Tabrizicola sp.	Tabrizicola	Paracoccaceae	Rhodobacterales	Alphaproteobacteria	Pseudomonadota	Pseudomonadati	Bacteria	NA	7.77794E-05	0	0	0	0	0	0	0	0	0	0	0	0	0	0	0	0	0	0	0	0	0	7.78E-05	0	0	0	0	0	0	0	0	0	0	0	0	0
Taurinivorans muris	2787751	Taurinivorans muris	Taurinivorans	Desulfovibrionaceae	Desulfovibrionales	Desulfovibrionia	Thermodesulfobacteriota	Pseudomonadati	Bacteria	NA	0.009208595	0	0	0	0	0.001313626	0.001535949	0.000213217	0	0	0	0	0	0	0	0	0	0	0.001154384	0.000188915	0	0	0	0	4.60E-05	0	0	0.000272379	0	0.004484133	0	0	0	0	0	0
Telmatocola sphagniphila	1123043	Telmatocola sphagniphila	Telmatocola	Gemmataceae	Gemmatales	Planctomycetia	Planctomycetota	Pseudomonadati	Bacteria	NA	0.000101357	0	0	0	0	0	0	0	0	0	0	0	0	0	0	0	0	0	0.000101357	0	0	0	0	0	0	0	0	0	0	0	0	0	0	0	0	0
Terrirubrum flagellatum	2895980	Terrirubrum flagellatum	Terrirubrum	Terrirubraceae	Hyphomicrobiales	Alphaproteobacteria	Pseudomonadota	Pseudomonadati	Bacteria	NA	0.000811877	0	0	0	0	0	0	0	0	0	0	0	0	0	0	0	0	0	0.000708178	0	0	0	0.000103699	0	0	0	0	0	0	0	0	0	0	0	0	0
Terrisporobacter hibernicus	2813371	Terrisporobacter hibernicus	Terrisporobacter	Peptostreptococcaceae	Peptostreptococcales	Clostridia	Bacillota	Bacillati	Bacteria	NA	0.000124097	0	0	0	0	0	0	0	0	0	0	0	0	0	0	0	0	0	0	0	0	0	0	0	0	0	0	0	0.000124097	0	0	0	0	0	0	0
Terrisporobacter mayombei	1541	Terrisporobacter mayombei	Terrisporobacter	Peptostreptococcaceae	Peptostreptococcales	Clostridia	Bacillota	Bacillati	Bacteria	NA	0.002898357	0	0	0	0	0	0	0	0	0	0	0	0	0	0	0	0	0	0.000223082	0	0	0	0	0	0	0	0	0	0	0	0	0	0.002558	0	0	0.000117274
Terrisporobacter petrolearius	1460447	Terrisporobacter petrolearius	Terrisporobacter	Peptostreptococcaceae	Peptostreptococcales	Clostridia	Bacillota	Bacillati	Bacteria	NA	0.000122086	0	0	0	0	0	0	0	0	0	0	0	0	0	0	0	0	0	0	0	0	0	0	0	0	0	0	0	0.000122086	0	0	0	0	0	0	0
Terrisporobacter vanillatitrophus	3058402	Terrisporobacter vanillatitrophus	Terrisporobacter	Peptostreptococcaceae	Peptostreptococcales	Clostridia	Bacillota	Bacillati	Bacteria	NA	0.000835055	0	0	0	0	0	0	0	0	0	6.78E-05	0	0	0	0	0	0	0	8.96E-05	0	0	0	0	0	4.30E-05	0	0	0	0.0002606	0	0	0	0	0	0	0.000374071
Thermospira aquatica	2828656	Thermospira aquatica	Thermospira	Thermospiraceae	Brevinematales	Spirochaetia	Spirochaetota	Pseudomonadati	Bacteria	NA	0.836102211	0.00156658	0.000692136	0	0.000117761	0.000392611	0	0	0.001320316	0.000639742	0.000877841	4.98E-05	0.000796209	0.00023333	0.000850942	0.000256266	0.05825089	0.683557525	0.000263529	6.90E-05	0	0	0.003437638	0	9.51E-05	0.000521541	0	0.000134556	0.000226611	0.054394427	0	0	0	0.024447985	0.002155718	0.000754171
Thioclava sp. FR2	3445780	Thioclava sp. FR2	Thioclava	Paracoccaceae	Rhodobacterales	Alphaproteobacteria	Pseudomonadota	Pseudomonadati	Bacteria	NA	0.000141238	0	0	0	0	0	0	0	0	0	0	0	0	0	0	0	0	0	0.000141238	0	0	0	0	0	0	0	0	0	0	0	0	0	0	0	0	0
Tolypothrix sp. PCC 7712	2596898	Tolypothrix sp. PCC 7712	Tolypothrix	Tolypothrichaceae	Nostocales	Cyanophyceae	Cyanobacteriota	Bacillati	Bacteria	NA	0.000105639	0	0	0	0	0	0	0	0	0	0	0	0	0	0	0	0	0	0.000105639	0	0	0	0	0	0	0	0	0	0	0	0	0	0	0	0	0
Treponema phagedenis	162	Treponema phagedenis	Treponema	Treponemataceae	Spirochaetales	Spirochaetia	Spirochaetota	Pseudomonadati	Bacteria	NA	0.000801961	0	0	0	0	0	0	0	0	0	0	0	0	0	0	0	0	0.000801961	0	0	0	0	0	0	0	0	0	0	0	0	0	0	0	0	0	0
Trichormus azollae	551115	'Nostoc azollae' 0708	Trichormus	Nostocaceae	Nostocales	Cyanophyceae	Cyanobacteriota	Bacillati	Bacteria	NA	6.74047E-05	0	0	0	0	0	0	0	0	0	0	0	0	0	0	0	0	0	0	0	0	0	6.74E-05	0	0	0	0	0	0	0	0	0	0	0	0	0
Undibacterium parvum	401471	Undibacterium parvum	Undibacterium	Oxalobacteraceae	Burkholderiales	Betaproteobacteria	Pseudomonadota	Pseudomonadati	Bacteria	NA	0.000544825	0	0	0	0	0	0	0	0	0	0	0	0	0	0	0	0	0	4.87E-05	0	0	0	0	0	0	0	0	0.000496174	0	0	0	0	0	0	0	0
Urbifossiella limnaea	2528023	Urbifossiella limnaea	Urbifossiella	Gemmataceae	Gemmatales	Planctomycetia	Planctomycetota	Pseudomonadati	Bacteria	NA	0.000139958	0	0	0	0	0	0	0	0	0	0	0	0	0	0	0	0	0	0.000139958	0	0	0	0	0	0	0	0	0	0	0	0	0	0	0	0	0
Variovorax sp. W6	3093895	Variovorax sp. W6	Variovorax	Comamonadaceae	Burkholderiales	Betaproteobacteria	Pseudomonadota	Pseudomonadati	Bacteria	NA	0.004918278	0	0	0	0	0	0	0	0	0	0	0	0	0	0	0	0.003007519	0.001910759	0	0	0	0	0	0	0	0	0	0	0	0	0	0	0	0	0	0
Vogesella sp. XCS3	2877939	Vogesella sp. XCS3	Vogesella	Chromobacteriaceae	Neisseriales	Betaproteobacteria	Pseudomonadota	Pseudomonadati	Bacteria	NA	7.82585E-05	0	0	0	0	0	0	0	0	0	0	0	0	0	0	0	0	0	0	0	0	0	0	0	0	0	0	0	0	0	0	0	0	0	7.83E-05	0
Xanthomonas albilineans	29447	Xanthomonas albilineans	Xanthomonas	Lysobacteraceae	Lysobacterales	Gammaproteobacteria	Pseudomonadota	Pseudomonadati	Bacteria	NA	0.00015269	0	0	0	0	0	0	0	0.00015269	0	0	0	0	0	0	0	0	0	0	0	0	0	0	0	0	0	0	0	0	0	0	0	0	0	0	0
Yersinia enterocolitica	1262462	Yersinia enterocolitica (type O:5) str. YE53/03	Yersinia	Yersiniaceae	Enterobacterales	Gammaproteobacteria	Pseudomonadota	Pseudomonadati	Bacteria	NA	0.017416935	0	0	0	0	0	0	0	0	0	0	0	0	0	0	0	0	0	0	0	0	0	0	0	0	0	0	0	0	0.017416935	0	0	0	0	0	0
uncultured Mailhella sp.	1981031	uncultured Mailhella sp.	Mailhella	Desulfovibrionaceae	Desulfovibrionales	Desulfovibrionia	Thermodesulfobacteriota	Pseudomonadati	Bacteria	NA	0.021826798	0	0	0.001177481	0.010215377	0.000260055	0.000599631	0.000841475	0	0.000252053	0	0	0	0	0.000604394	0.000650737	0	0	0.000264221	8.99E-05	0	0	0.003819399	6.55E-05	0	0	0	0.000256253	0.000111376	0	0	0	0	0.000696822	0.000189391	0.001732746
